chunk_id	source	page	category	content
1	Some_Fragrance_layers_of_scented_candles.docx		Candle_Knowledge	# THE FRAGRANCE LAYERS OF SCENTED CANDLES  ## 1.Top notes (30%)  Top notes give you the first impression, helping you visualize the scent of the candle. However, this layer evaporates quickly and fades quickly, only lasting about 10 minutes after the candle is lit.  Some common top notes include citrus notes such as lemon, orange… soft floral notes such as lavender, rose, iris… or some herbal notes (Aromatic Fougère).
2	Some_Fragrance_layers_of_scented_candles.docx		Candle_Knowledge	## 2.Middle notes (Heart notes) (70%)  The middle notes are considered the soul of a candle because they are the longest-lasting, creating a distinctive scent experience when the candle is lit. This layer appears when the top notes begin to fade (approximately 10-20 minutes to 1.5 hours after the candle is lit).  Common middle notes in a candle include floral, spicy, fruity, and green notes…
3	Some_Fragrance_layers_of_scented_candles.docx		Candle_Knowledge	## 3.Base notes account for 20%  Base notes are considered the lingering highlight of the candle even after it has been extinguished. They include deep, rich, and non-volatile notes that can last up to 6 hours. However, the base notes don't have the same wide and airy sillage as the top two, so their scent is usually subtle and sometimes only noticeable upon close observation.  Some common base notes include Oriental notes such as amber, musk, patchouli… Woody notes such as sandalwood and cedarwood… and gourmand notes.
4	Candle_benefit.docx		Candle_Knowledge	# AMAZING USES OF SCENTED CANDLES  ## Decorating Your Living Space  Nowadays, scented candles are designed in many unique and eye-catching shapes and packaging to serve the purpose of decorating your living space.  Besides furniture and decor accessories, fragrance can also "decorate" your living space, expressing your personal style. Depending on the choice of scented candles, guests visiting your home will gain a better understanding of the homeowner's style, personality, or emotions.
5	Candle_benefit.docx		Candle_Knowledge	## Relax your mind, relieve stress  According to Dr. Pamela Dalton, a researcher from the Monell Center for the study of the interaction between human senses and chemicals in Philadelphia: “The part of the brain that receives and processes scents is actually very close to the parts of the brain that handle human memory and emotions.”  And according to natural skincare expert Sarah Villafranco: “The connection between scent and emotion happens in a flash, which is why aromatherapy can be a powerful tool. Aromatherapy can be used to evoke many bodily responses, helping you to be more alert, relax, and reduce stress.”
6	Candle_benefit.docx		Candle_Knowledge	Therefore, when we smell something we like, we tend to breathe deeper and easier, our blood pressure is lowered, and our heart beats at a slower, more relaxed pace – and all of this helps us feel more relaxed and healthy.  In addition, in my opinion, a quiet space under candlelight also gives us a very comfortable and warm feeling.
7	Candle_benefit.docx		Candle_Knowledge	## Stimulates concentration when working and studying  Some scents such as rosemary, mint, coffee, jasmine, lavender, lemon, etc., help improve blood circulation to the brain, stimulate the nervous system, fight fatigue, improve cognitive function and memory, helping us stay alert and focused when performing tasks.  ## Deodorizes the room  Scented candles deodorize with their main ingredients being candle wax mixed with natural essential oils, releasing a natural fragrance when burned. Therefore, scented candles can also help eliminate damp room odors, kitchen food smells, unpleasant odors in the bathroom, or cigarette smoke...
8	Safe_Usage_guidance.docx		User_Guidance	# IMPORTANT NOTES FOR SAFELY USING SCENTED CANDLES  ## 1. Placement when burning candles  Keep candles away from flammable materials such as clothes, curtains, books, paper, carpets, etc., or plastic.  When burning scented candles, place them on a flat, stable surface that can withstand heat to prevent them from tipping over.  Avoid placing candles in drafty areas to prevent the flame from burning too intensely or blowing flammable objects into the fire. However, do not burn candles in enclosed spaces or small, narrow rooms.  ## 2.Always keep the candle within your sight  Extinguish candles before leaving the room and before going to sleep.  Keep candles out of reach of children and pets. Alternatively, you can use a candle warmer to reduce the risk of fire and explosion.
9	Safe_Usage_guidance.docx		User_Guidance	## 3. Caring for Candles  Trimming the wick by about 3mm after each use will help control the flame, resulting in a brighter, cleaner, and more consistent flame, avoiding the production of black smoke containing soot.  ## 4.Use a long-handled lighter or long matches to avoid burning your hands when lighting candles.  ## These are some tips I've gathered from the internet and from my own experience. Please use candles that are both beautiful and fragrant, while still being safe!
10	Chinh_sach_mua_hang.docx		Policies	# Shipping policy  Fast and on-time delivery for 99% of orders is the goal that nenthom.com.vn's operations team is aiming for.Customers, please believe that we will achieve it in 2026!  Currently, nenthom.com.vn is a major partner with famous and reputable delivery units such as: Giao Hang Tiet Kiem, Giao Hang Nhanh, Viettel Post, AhaMove, ...  Nenthom.com.vn ships to almost every region in Vietnam. We will deliver the product to the location you request in the order.  Shipping fees are listed on the payment page, and will be priced for each order placed.  Depending on each product or promotion, nenthom.com.vn will have different free shipping programs or discount codes.  Please refer to the promotion program here or register to follow the Facebook Fanpage nenthom.com.vn
11	Chinh_sach_mua_hang.docx		Policies	## Average delivery time:  Orders within Hanoi or Ho Chi Minh: Customers will receive within a maximum of 24 hours (Usually 2-4 hours) from the time of order. Except for pre-orders or insufficient inventory, nenthom.com.vn's customer service will call to notify customers about this issue. Usually it can be sooner depending on the time the customer places the order.  Other areas: 1-3 days (usually 1-2 days), if after 3 days from the time of order you have not received a delivery call from the postman, please contact nenthom.com.vn for support (If ordering gifts for holidays, please order 1-3 days earlier to avoid overload).
12	Chinh_sach_mua_hang.docx		Policies	# Payment policy  Nenthom.com.vn is responsible for and protects your rights when making payment transactions.  We support the following payment methods:  Cash payment for COD (delivery and collection at home) nationwide.  Payment by MoMo e-wallet.  Payment by Zalo Pay e-wallet.  Payment by bank transfer via Internet banking, Admin will contact you to provide  # Return Policy  It is annoying if you buy something and cannot return it, so nenthom.com.vn has a support policy to ensure the most satisfaction.  Customers can exchange or return the product within 7 days from the date of purchase.
13	Chinh_sach_mua_hang.docx		Policies	## Conditions for returning the product:  The product is still intact with all parts, showing no signs of heavy use or damage.  There are complete accompanying documents (purchase invoice, catalog, etc.) and accessories, gifts (if any).  The customer will bear the cost of returning the product to nenthom.com.vn  ## Quick Steps to Return:  Step 1: Notify us by contacting us via Fanpage or hotline.  Step 2: Send the package to us at 303B Vu Huu, Thanh Xuan Bac Ward, Thanh Xuan District, Hanoi.  Step 3: Immediately after receiving your returned goods, we will send you a new order.
14	Chinh_sach_mua_hang.docx		Policies	# Privacy Policy  To ensure website security and information security for consumers, nenthom.com.vn has issued a number of information security policies for individual and organizational customers when logging in to the website: nenthom.com.vn  ## Purpose of information collection  Collecting information via the website nenthom.com.vn will help us  Grasp the wishes and desires of customers to improve services  Help customers update promotions, discounts... organized by Top Quà Tặng as soon as possible.  Support customers with complaints and comments as quickly as possible.  ## Scope of information collection  Nenthom.com.vn collects customer information including:  First name  Last name  Email address  Phone number  Country  Province  Address
15	Chinh_sach_mua_hang.docx		Policies	## Scope of information use  We take customer information security very seriously, so we commit to absolutely not arbitrarily use customer information for purposes that do not benefit customers, we commit to not trading or exchanging customer confidential information to any third party. However, in some special cases below, we can reasonably share customer information when  With the customer's consent. To protect the interests of the company and the company's partners: We only provide personal information of customers when we are sure that such information can protect the interests and assets of our company and related partners. This information will be legally disclosed according to Vietnamese law. At the request of government agencies when we deem it appropriate under Vietnamese law.
16	Chinh_sach_mua_hang.docx		Policies	In some cases where it is necessary to provide other customer information, such as promotions sponsored by a third party, we will notify you before your information is shared. You have the right to decide whether to agree to share information or participate.
17	Chinh_sach_mua_hang.docx		Policies	## Information storage time  Nenthom.com.vn will store Personal Information provided by Customers on our internal systems during the process of providing services to Customers or until the purpose of collection is completed or when Customers request to cancel the information provided.  Means and tools for users to access and edit their personal data.  Customers can exercise the above rights by accessing the website themselves or contacting us via email or contact address published on the website of nenthom.com.vn  Commitment to protecting customer personal information
18	Chinh_sach_mua_hang.docx		Policies	Commitment to protecting customer personal information  We are committed to ensuring the security of information for customers when registering personal information with our company. We are committed to not exchanging and selling customer information for commercial purposes. We are committed to implementing all sharing and use of customer information in accordance with the company's privacy policy. We are committed to making customers feel confident and satisfied about the security of personal information when participating and using our company's services.
19	Chinh_sach_mua_hang.docx		Policies	## Contact information  We always welcome your comments, contacts and feedback on this "Privacy Policy". If you have any related questions, please contact us at Email address: nenthom.com.vn
20	coupons.csv		Discount_Program	             Coupon Code: NEWYEAR2025              Discount Type: percent              Discount Value: 15.0              Minimum Order: 200000.0              Maximum Discount: 50000.0              Usage per Customer: 2              Coupon status: active             
21	coupons.csv		Discount_Program	             Coupon Code: FREESHIP50              Discount Type: amount              Discount Value: 50000.0              Minimum Order: 100000.0              Maximum Discount: nan              Usage per Customer: 3              Coupon status: active             
22	coupons.csv		Discount_Program	             Coupon Code: WELCOME10              Discount Type: percent              Discount Value: 10.0              Minimum Order: 0.0              Maximum Discount: nan              Usage per Customer: 1              Coupon status: disabled             
23	coupons.csv		Discount_Program	             Coupon Code: VIPMEMBER              Discount Type: amount              Discount Value: 100000.0              Minimum Order: 500000.0              Maximum Discount: nan              Usage per Customer: 5              Coupon status: active             
24	coupons.csv		Discount_Program	             Coupon Code: SUMMERSALE              Discount Type: percent              Discount Value: 20.0              Minimum Order: 300000.0              Maximum Discount: 80000.0              Usage per Customer: 2              Coupon status: expired             
25	Common_FAQ.md		Product_Catalog	1. How do I find the right product for me?  Each product page includes detailed descriptions and specifications to help you choose. If you have questions, our support team is happy to assist with personalized recommendations.  2. Can I change my order after placing it?  We can modify or cancel an order if it hasn’t been processed yet. Please contact us as soon as possible at Support nenthombnc.2005gmail.com.vn for any changes.  3. What should I do if I entered the wrong shipping address?  Contact us immediately at Support nenthombnc.2005gmail.com.vn. If the order has not been shipped, we can update the address. Once shipped, rerouting may not be possible.  4. What types of promotions do you offer?  We offer seasonal sales, first-time customer discounts, and exclusive promotions to our email subscribers. Check our homepage or sign up for notifications.  5. How do I apply a discount code?  You can enter your discount code at the checkout page before finalizing payment. Make sure to apply it before completing your order.  6. What should I do if I receive the wrong item?  If you receive an incorrect product, please contact our support team with your order number and a photo of the received item. We’ll resolve it promptly.  7. Are your products covered by a warranty?  Some of our products come with a manufacturer’s warranty. Details are available on the respective product pages. Contact us if you need warranty assistance.  8. How do I know if my order was successful?  You will receive a confirmation email with your order number. If you don’t see it, please check your spam folder or reach out to us at Support nenthombnc.2005gmail.com.vn.  9. How do I subscribe to your newsletter?  You can subscribe by entering your email address at the bottom of our homepage. Subscribers receive early access to sales and exclusive discounts.  10. What if I forgot my account password?  Click on the “Forgot Password” link on the login page and follow the instructions to reset your password securely. Need further assistance? Email us at Support@therumfordgroup.org. Our team is ready to help!
26	3_Day_WKND.md		Product_Catalog	Product name: 3 Day WKND  Category: Scented Candle  Main Scents: - Green Apple - Cucumber - Waterlily  Season: - Spring - Summer - Any Season  Fragrance Family: Fruity  Scent Profile: Top notes is green apple, cucumber, next is middle notes such as Lily of the valley, waterlity and Green juice. Finally, base notes is violet leaf and woods  Customer Perception: - Fresh and clean scent - Crisp, fruity, and uplifting aroma - Feels light, airy, and relaxing - Some customers compare the fruity accord to pear-like notes - Suitable for casual relaxation, TV nights, and family gatherings - Fills a room without becoming overwhelming  Suitable For: - Living room - Bedroom - Home office - Apartment spaces - Weekend relaxation - Family gatherings - Spring and summer home fragrance  Mood: - Refreshing - Carefree - Relaxing - Cheerful - Light-hearted - Weekend getaway vibes - Clean and rejuvenating  Technical Specifications: - Brand: Friday Collective - Material: Soy Wax Blend - Color: Green - Season: Any Season - Dimensions: 4.4"W x 3"H - Weight: 2 Pounds - Burn Time: Approximately 45–48 Hours - Wick Type: Natural Fiber Wick - Wick Count: 3 Wicks  Best For: - Creating a fresh and clean atmosphere - Weekend self-care routines - Brightening indoor spaces - Everyday home fragrance - Spring and summer décor - People who enjoy fruity-green fragrances - Gift giving for friends and family  Keywords: 3 Day WKND, Friday Collective Candle, Fruity Candle, Green Apple Candle, Cucumber Candle, Waterlily Candle, Fresh Candle, Weekend Candle, Soy Wax Candle, Clean Scent Candle, Green Fruity Fragrance, Triple Wick Candle, Essential Oil Candle, Spring Candle, Summer Candle  Vietnamese Keywords: nến thơm 3 Day WKND, nến Friday Collective, nến hương táo xanh, nến hương dưa leo, nến hương hoa súng, nến trái cây tươi mát, nến thư giãn cuối tuần, nến đậu nành, nến 3 bấc, nến thơm mùa hè, nến thơm mùa xuân, nến thơm phòng khách, nến thơm phòng ngủ, nến hương sạch sẽ, nến hương tươi mới
27	Amber_And_Vanilla.md		Product_Catalog	Product name: Amber And Vanilla  Category: Candle  Main Scents: - Amber - Vanilla - Soft Musk  Season: - Autumn - Winter - Any Season  Fragrance Family: Amber, Gourmand, Warm Sweet  Scent Profile: A comforting blend of warm amber and creamy vanilla. The fragrance opens with soft sweet notes, develops into rich vanilla accords, and settles into a warm amber and musk base that creates a cozy and inviting atmosphere.  Customer Perception: - Warm and cozy - Sweet but not overpowering - Comforting home fragrance - Relaxing evening scent - Creates a welcoming atmosphere - Suitable for everyday use - Often perceived as elegant and soothing  Suitable For: - Living Room - Bedroom - Reading Corner - Home Office - Relaxation Spaces - Holiday Gatherings - Self-care Routines  Mood: - Cozy - Relaxing - Romantic - Comforting - Peaceful - Inviting - Warm  Technical Specifications: - Color: Yellow / Amber - Season: Summer - Material: Wax Blend - Weight: 12 oz - Dimensions: 3" D x 4.5" H - Burn Time: Approximately 40–60 Hours (estimated from candles of similar size) - Brand: Western Brook - Wick Type:Cotton Wick (assumed from visible product construction) - Container:Glass Jar with Metal Lid  Best For: - Creating a cozy atmosphere - Evening relaxation - Bedroom fragrance - Fall and winter décor - Gift giving - Reading sessions - Movie nights - Warm home ambience  Keywords: Western Brook Candle, Amber Vanilla Candle, Haz Todo Con Amor Candle, Warm Candle, Vanilla Candle, Amber Candle, Cozy Candle, Relaxing Candle, Home Fragrance, Scented Candle, Gourmand Candle, Sweet Candle, Glass Jar Candle  Vietnamese Keywords:nến thơm amber vanilla, nến western brook, nến hương hổ phách, nến hương vanilla, nến thơm ngọt ấm, nến thư giãn, nến thơm phòng ngủ, nến thơm phòng khách, nến mùa thu, nến mùa đông, nến hương ấm áp, nến quà tặng, nến thủy tinh, nến thơm cao cấp
28	BLOW_A_WISH.md		Product_Catalog	Product name: BLOW A WISH  Category: Scented Candle  Main Scents: - Vanilla - Amber - Soft Musk  Season: - Autumn - Winter - Any Season  Fragrance Family: Warm, Amber, Sweet  Scent Profile:A comforting blend of creamy vanilla and warm amber with subtle musk undertones. The fragrance creates a cozy and elegant atmosphere that feels soothing and celebratory.  Customer Perception: - Warm and sophisticated - Relaxing and comforting - Suitable for gifting - Creates a luxurious atmosphere - Not overly sweet - Feels elegant and modern  Suitable For: - Bedroom - Living Room - Reading Corner - Meditation Space - Gift Occasions - Birthday Celebrations  Mood: - Cozy - Peaceful - Elegant - Relaxing - Celebratory - Romantic  Technical Specifications: - Brand:Lumos - Material:Wax Blend - Color:Black - Weight:7.4 oz - Burn Time: Approximately 30–40 hours - Wick Type: Cotton Wick - Container: Glass Jar - Lid: Wooden Lid  Best For: - Birthday gifts - Home decoration - Evening relaxation - Cozy indoor atmosphere - Reading sessions - Romantic settings - Self-care routines  Keywords: Blow A Wish Candle, Lumos Candle, Birthday Candle, Amber Vanilla Candle, Luxury Candle, Black Candle, Glass Jar Candle, Home Fragrance, Decorative Candle, Gift Candle, Relaxing Candle, Cozy Candle  Vietnamese Keywords: nến thơm blow a wish, nến lumos, nến quà sinh nhật, nến hương vanilla, nến hương amber, nến thơm cao cấp, nến đen sang trọng, nến thư giãn, nến thơm phòng ngủ, nến thơm phòng khách, nến trang trí, nến quà tặng
29	Candle_holder.md		Product_Catalog	Product name: Candle holder  Category: Decorative Candle  Main Scents: - Unspecified - Decorative Product  Season: Any Season  Fragrance Family: Decorative / Unscented  Scent Profile:No official fragrance information is available. The product is primarily designed as a decorative candle featuring a handcrafted white bear displayed under a glass dome.  Customer Perception: - Cute and charming - Minimalist aesthetic - Suitable for room decoration - Popular as a gift item - Creates a cozy atmosphere - Often purchased as a decorative object rather than for fragrance  Suitable For: - Bedroom Decor - Desk Decoration - Living Room Display - Gift Giving - Nursery Decoration - Photography Props  Mood: - Cute - Cozy - Peaceful - Playful - Whimsical - Heartwarming  Technical Specifications: - Brand:Unknown - Material:Wax, Glass, Wood - Color:White  Best For: - Home decoration - Birthday gifts - Nursery decor - Minimalist interiors - Photography styling - Shelf decoration - Collectible candle displays  Keywords: Bear Candle, White Bear Candle, Decorative Candle, Animal Candle, Nordic Decor Candle, Cute Candle, Glass Dome Candle, Kawaii Candle, Handmade Candle, Decorative Wax Art, Gift Candle, Aesthetic Candle  Vietnamese Keywords: nến gấu trắng, nến trang trí gấu, nến decor dễ thương, nến chuông kính, nến thủ công, nến nghệ thuật, nến quà tặng, nến phong cách bắc âu, nến trang trí phòng ngủ, nến decor bàn làm việc, nến kawaii, nến gấu mini
30	Candle_matchbox.md		Product_Catalog	Product name: Candle matchbox  Category: Candle Accessory / Luxury Safety Matches  Main Scents: Unscented (Natural Aspen Wood / Sulfur-Free Tip).  Season:ear-round (An absolute daily essential for candle lovers, fireplace lighting, and cozy evening wind-downs).  Fragrance Family: Non-fragrance / Utility Candle Care  Product Profile: A sleek, elegant, and highly photogenic candle lighting accessory designed for modern homes. Featuring elongated wooden sticks paired with contrasting monochrome match tips, these matches are specifically engineered to provide a clean, steady, and extra-long burn time. They ensure your fingers stay completely safe from flames when reaching deep into tall glass candle jars or lighting low-burned multi-wick waxes.  Customer Perception: Customers perceive these matches as a stunning, premium upgrade from cheap, disposable plastic lighters. They are highly praised for transforming a basic utility act into a beautiful, therapeutic self-care ritual. Users deeply love the minimalist typography and aesthetic "Good Day" slide-box designs, frequently keeping them on display on coffee tables or vanity trays right next to their favorite luxury candles.  Suitable For: Bedside candle vanities, living room display trays, cozy fireplace mantels, high-end bath counters, and professional product photography setups.  Mood: Minimalist, sophisticated, comforting, intentional, therapeutic, clean.  Technical Specifications: - Brand: Artisanal Minimalism Collection - Material: Eco-friendly premium natural wood splints tipped with high-quality, clean-burning safety chemicals. - Packaging: Heavy-duty slider matchboxes featuring a honeycomb-textured friction strike pad running along the side panel. - Color Variations: High-contrast style options including a sleek all-black box with deep charcoal tips and a crisp white box with snow-white tips.  Best For: Effortlessly lighting deep-wick jar candles, elevating home decor styling, adding value to luxury candle gift baskets, and safe, wind-resistant ignition.  Keywords:safety matches, long candle matches, aesthetic matchbox, good day matches, luxury candle lighter, decorative matchbox, white match tip, black match tip, matchbox with striker, minimalist candle accessory  Vietnamese Keywords:diêm đốt nến, diêm dài quẹt nến, phụ kiện nến thơm, hộp diêm decor, diêm nến thơm cao cấp, hộp diêm Good Day, phụ kiện nến Lumos, decor khay nến, diêm an toàn, quà tặng nến thơm.
31	Candle_metal_tray.md		Product_Catalog	Product name: Candle metal tray  Category: Home Decor / Vanity Display Tray / Candle & Perfume Organizer  Main Scents: Unscented (Premium Finished Metal and Glass construction).  Season: Year-round (An elegant classic for updating bedroom vanities, dressing areas, or organizing luxury living room displays).  Fragrance Family: Non-fragrance / Utility Home Organization  Product Profile: A luxury, high-shine decorative vanity tray designed to elegantly arrange and elevate your daily essentials. Crafted with an exquisite ornate filigree metal border in polished gold, it features a crystal-clear reflective glass mirror base that catches the light beautifully. Supported by smooth rounded ball feet, it keeps your glass dropper bottles, square reed diffusers, jewelry, and luxury candles perfectly organized while protecting delicate countertops from oil spills or scratches.  Customer Perception: Customers perceive these mirror trays as high-end, elegant, and incredibly glamorous organizing pieces. They are highly praised for giving cosmetics, perfumes, and aromatherapy diffusers a luxurious "boutique display" feel at home. Users love the high-shine reflective base, noting that it creates beautiful depth and looks exceptionally gorgeous under bedroom vanity lighting or when featured in aesthetic lifestyle photo shoots.  Suitable For: Dressing tables for organizing skincare and jewelry, bathroom counters for hand soaps and amber dropper jars, and coffee tables as a decorative base for reed diffusers and candles.  Mood: Glamorous, luxurious, neat, elegant, royal, artistic.  Technical Specifications: - Brand: Luxury Home Artistry Collection - Material: Anti-rust alloy metal frame finished in brilliant gold, paired with a heavy-duty reflective mirror glass base. - Design Patterns: Available in a classic vertical pillar cutout filigree rail or an open geometric interlocking heart design border. - Base Support: Integrated matching smooth metal ball feet to elevate the tray base slightly off flat surfaces.  Best For: Creating a curated perfume or skincare vanity station, protecting furniture tops from oil diffuser rings, adding a royal touch to minimalistic spaces, and acting as an eye-catching background prop for product photography.  Keywords: gold mirror tray, vanity display plate, ornate perfume organizer, reflective candle tray, luxury cosmetic tray, royal gold filigree tray, mirrored metal tray, makeup storage base, decorative vanity dish, photography props tray  Vietnamese Keywords: khay gương decor, khay vàng đựng nến, khay đựng nước hoa, khay gương trang trí, khay mỹ phẩm cao cấp, phụ kiện chụp ảnh, khay vàng hoàng gia, decor bàn trang điểm, khay lót tinh dầu, đồ trang trí phòng ngủ.
32	Candle_pinwheel.md		Product_Catalog	Product name: Candle pinwheel  Category: Home Decor / Candle Carousel / Luxury Scented Candle Accessory  Featured Candle Scent: "Gilt Pomander & Hinoki" by Voluspa (A rich, luxurious blend of golden pomander, holly berries, warm cardamom, and Japanese hinoki bark).  Season: Autumn / Winter Holiday Season (Perfect for cozy Christmas nights, winter celebrations, and elegant year-end gatherings).  Fragrance Family:Woody / Warm & Spicy Citrus Holiday  Product Profile: A mesmerizing, heat-powered luxury candle accessory set designed to turn any room into a magical winter wonderland. The set features intricate metallic carousels adorned with hanging holiday charms like delicate snowflakes, reindeer, and festive pine trees. When a candle is lit beneath, the rising warm air currents automatically spin the top turbine, causing the dangling metallic charms to rotate gracefully and cast beautiful, dancing holiday shadows across your walls.  Customer Perception: Customers perceive this product as an exceptionally dreamlike, high-end, and sophisticated decor piece. It is highly praised for its mesmerizing movement, making it a captivating focal point on holiday tables. Users love the striking combination of the rotating silver snowflakes alongside the premium embossed glass of the large Voluspa jar, noting that it instantly elevates a standard candle-burning routine into a therapeutic holiday ritual.  Suitable For: Holiday dinner table centerpieces, cozy living room mantels, festive bedside tables, and luxury winter gift sets for loved ones or corporate clients.  Mood: Dreamy, magical, mesmerizing, luxurious, warm, festive.  Technical Specifications: - Material: Precision-cut heat-responsive alloy with high-shine metallic silver and polished gold finishes. - Design: The primary candle features a thick, premium rose-gold/amber glass container covered in a deeply textured, embossed floral lace pattern with a matching metallic gold lid rim. - Charm Theme Variations: Available in intricate cut snowflake designs, standing holiday pine trees, and whimsical walking reindeer.  Best For: Adding dynamic movement to holiday decorations, gifting to luxury candle collectors, creating beautiful reflections on a vanity mirror tray, and setting a cozy, magical mood on cold winter evenings.  Keywords: rotary candle carousel, spinning candle holder, snowflake candle topper, voluspa gilt pomander hinoki, moving candle charms, holiday candle accessory, embossed glass candle jar, rotary tealight holder, silver candle carousel, luxury christmas decor  Vietnamese Keywords: chong chóng xoay nến thơm, nến thơm cao cấp Voluspa, chong chóng nến Noel, phụ kiện nến thơm, khay gương đựng nến, trang trí Giáng sinh, quà tặng Noel sang trọng, cốc nến decor, chong chóng nến màu bạc, hũ nến họa tiết dập nổi.
33	Candle_rotation_tray.md		Product_Catalog	Product name: Candle rotation tray  Category: Candle Holder / Rotary Carousel / Decorative Home Accessory  Main Scents: Unscented (Premium Finished Metal construction engineered to accommodate standard unscented tealights or small scented votive cups).  Season: Year-round / Winter Holidays (A brilliant interactive piece that brings a magical ambience to dark winter nights, autumn table setups, or intimate dynamic dinner parties).  Fragrance Family: Non-fragrance / Utility Candle Care  Product Profile: A mesmerizing, minimalist candle accessory that utilizes basic thermodynamics to add rhythmic motion to your home. Constructed with an integrated tealight cup holder and a curved support rod, it holds a delicate multi-blade metal turbine at its peak. Once a candle wick is ignited below, rising hot thermal air currents push against the angled blades, spinning the carousel automatically and sending its detailed hanging ornaments dancing gracefully through the air.  Customer Perception: Customers perceive these carousels as whimsical, fascinating, and affordable luxury accent pieces that instantly elevate simple tealight candles. They are highly appreciated for casting beautiful moving patterns of light and shadows across surrounding walls. Users love having distinct design options—such as polished gold or sleek silver finishes—allowing them to match their existing interior metal elements seamlessly.  Suitable For: Cozy dining table layouts, meditative bedroom nightstands, ambient bathroom vanities, and distinctive mantelpiece displays during holiday seasons.  Mood: Whimsical, enchanting, dynamic, calming, cozy, artistic.  Technical Specifications: - Material: Precision-stamped, heat-responsive lightweight alloy with high-shine reflective plating. - Finishes: Available in a brilliant Polished Yellow Gold finish or a clean Metallic Silver finish. - Base Design: Features an integrated, circular metal well securely sized to hold standard aluminum or clear-cup tealight candles. - Ornament Themes:The gold variant features delicate, outstretched flying fairy silhouettes with textured wings; the silver variant features classic walking forest reindeer silhouettes.  Best For: Creating dynamic moving light silhouettes without using any electrical power, pairing with relaxing evening aromatherapy sessions, and gifting as a charming housewarming or secret Santa present.  Keywords: rotary candle holder, candle carousel stand, thermal spinning candle, fairy carousel candle, reindeer spinning holder, gold candle carousel, silver tealight holder, moving candle ornament, kinetic candle topper, decorative metal candle stand  Vietnamese Keywords: chong chóng xoay nến thơm, chân nến chong chóng, phụ kiện nến thơm, chong chóng xoay tealight, chân nến nghệ thuật, decor phòng ngủ, chân nến màu vàng, chân nến màu bạc, chong chóng hình thiên thần, trang trí Giáng sinh.
34	Candle_Scissor.md		Product_Catalog	Product name: Candle Scissor  Category: Candle Care Tool / Candle Accessory  Main Scents: Unscented (Premium heavy-duty plated steel construction).  Season: Year-round (An absolute daily essential for anyone burning soy, vegetable, or paraffin wax candles safely and cleanly).  Fragrance Family: Non-fragrance / Functional Candle Maintenance Tools  Product Profile: An essential, ergonomically designed candle maintenance tool engineered to keep your candles burning cleanly, safely, and efficiently. Featuring long, angled handles and a unique disc-shaped catching basin at the cutting blades, this trimmer allows you to easily reach deep into tall glass jars to snip burnt wicks down to the recommended quarter-inch height. The specialized debris tray catches the clipped carbon tip instantly, preventing it from dropping back down and contaminating your pristine wax pool.  Customer Perception: Customers perceive this tool as an indispensable premium accessory for dedicated candle lovers. It is highly praised for eliminating ugly black soot, reducing excessive smoke, and preventing erratic dancing flames caused by overgrown wicks. Users love the heavy, solid metallic feel in their hands, noting that having finish options like classic silver or trendy rose gold turns routine candle care into a stylish, satisfying ritual.  Suitable For: Trimming cotton, braided, or paper wicks deep inside tall glass jars, ceramic vessels, or tapered candle pillars before every burn cycle.  Mood: Professional, methodical, clean, safety-oriented, sophisticated.  Technical Specifications: - Material: Anti-rust, high-durability stainless steel alloy with a polished protective plating. - Handle Design: Features long, offset angled scissor shafts paired with comfortable round finger loops for effortless vertical trimming. - Finishes: Available in Matte/Polished Chrome Silver and Luxury Rose Gold. - Cutting Mechanism:Heavy-duty, flush-cutting horizontal blades integrated with a flat circular catch tray.  Best For: Preventing black soot deposits on glass candle jars, extending total candle lifespan by ensuring a controlled melt pool, safely trapping debris, and gifting alongside luxury scented candle sets.  Keywords: candle wick trimmer, stainless steel wick cutter, professional candle scissor, candle care tool, rose gold wick trimmer, deep jar wick cutter, soot prevention tool, candle debris catcher, long handle candle scissor, premium candle accessory  Vietnamese Keywords: kéo cắt bấc nến, kéo cắt tim nến, phụ kiện nến thơm, Heny Garden, kéo cắt bấc chuyên dụng, chăm sóc nến thơm, kéo màu vàng hồng, kéo cắt bấc inox, bấc cotton, giảm khói nến thơm.
35	Candle_Snuffer.md		Product_Catalog	Product name: Candle Snuffer  Category: Candle Care Tool / Candle Accessory  Main Scents: Unscented (Premium plated alloy construction).  Season: Year-round (An essential tool for anyone wanting to extinguish flames safely without blowing wax or smoke around the room).  Fragrance Family: Non-fragrance / Functional Candle Maintenance Tools  Product Profile: A collection of professional, long-handled candle snuffers designed to safely extinguish candle flames while entirely eliminating smoke and lingering odors. Featuring extended metal rods fitted with dangling, pivoting heads, these tools allow you to comfortably reach inside deep jars or high pillar clusters to cut off oxygen from the wick instantly. By gently lowering the bell or cylinder over the flame, the candle is snuffed out cleanly without blowing liquid wax onto your furniture or releasing black soot into the air.  Customer Perception: Customers view these candle snuffers as elegant, old-world accessories that bring a touch of vintage luxury to modern candle care. They are highly praised for preventing hot wax from splattering across tabletops, which often happens when blowing hard on a candle. Users love the rhythmic choice between the geometric cylindrical modern design and the classic ringing-bell shape, noting that the diverse color finishes allow them to match their candle trays beautifully.  Suitable For: Extinguishing multi-wick soy candles, tall jar candles, deep votive cups, tapered dining table candles, and hard-to-reach outdoor lantern wicks.  Mood: Ritualistic, methodical, safe, traditional, protective.  Technical Specifications: - Material: Heavy-duty anti-rust stainless steel alloy coated with premium metallic electroplating. - Handle Design: Features an extra-long straight rod handle with an integrated ergonomic grip or textured details at the tail for maximum reach and heat safety. - Head Styling Variations: Available in two distinct shapes: a sleek flat-top cylindrical cap or a traditional flared vintage bell dome. - Color Finishes: Includes Matte Black, Luxury Rose Gold, Polished Chrome Silver, Bright Yellow Gold, and Champagne/Bronze.  Best For: Eliminating the post-burn smoke smell that ruins a room's fragrance throwing performance, preventing messy liquid wax blow-back, keeping wicks centered, and completing high-end gift sets.  Keywords: candle snuffer long handle, vintage bell candle snuffer, modern cylinder wick extinguisher, candle flame snuffer, safety candle tool, matte black snuffer, rose gold candle care, smoke prevention tool, pivoting head snuffer, luxury candle extinguisher  Vietnamese Keywords: chuông tắt nến chuyên dụng, dụng cụ tắt nến thơm, chuông dập lửa nến, phụ kiện nến thơm, tắt nến không khói, chuông nến cổ điển, chuông dập nến màu vàng hồng, chuông nến màu đen nhám, chăm sóc nến thơm, Heny Garden.
36	Candle_Tray.md		Product_Catalog	Product name: Candle Tray  Category: Candle Accessory / Organizer Tray / Decorative Plate  Main Scents: Unscented (Premium electroplated stainless steel construction).  Season: Year-round (A sleek, versatile organizer essential for protecting surfaces from candle heat and catching any accidental wax drips).  Fragrance Family: Non-fragrance / Functional Candle Care Display  Product Profile: An elegant and functional minimalist tray designed with clean Nordic lines and smooth rounded edges. Crafted from high-grade stainless steel with a mirror-polished finish, this oval plate provides a perfectly stable, heat-resistant surface for your favorite scented candles, wick trimmers, and snuffers. Its slightly raised rim ensures that any stray wax drips, match stick residue, or oils are safely contained, keeping your delicate tabletops and countertops completely pristine.  Customer Perception: Customers view these trays as an effortless way to organize their candle rituals and elevate their home decor. They are highly appreciated for their heavy, solid metal feel and exceptional rust resistance. Users particularly love the stunning array of finish options—ranging from classic metallic tones to eye-catching iridescent rainbow platings—which turn a simple utility tray into a dazzling centerpiece.  Suitable For: Arranging candle care tool sets, grouping multi-size jar candles together, organizing perfume bottles on bedroom vanities, and displaying guest towels or jewelry on bathroom counters.  Mood: Minimalist, neat, organized, sophisticated, polished.  Technical Specifications: - Material: Food-grade, anti-rust stainless steel alloy with an electroplated mirror coating. - Shape Design: Sleek, elongated oval capsule silhouette with smooth, seamless curving edges. - Finishes: Available in Brilliant Yellow Gold, Polished Chrome Silver, and a vibrant, multi-tone Iridescent Rainbow/Chameleon finish.  Best For: Protecting wooden and marble furniture from direct candle heat damage, gathering loose candle accessories neatly in one spot, catching wax spills, and adding a contemporary metallic accent to any room layout.  Keywords: oval candle tray, stainless steel candle plate, minimalist metal tray, gold candle organizer, silver vanity plate, iridescent rainbow tray, heat resistant candle mat, modern trinket dish, candle accessory tray, luxury mirror plate  Vietnamese Keywords: khay đựng nến thơm, khay nến inox, phụ kiện nến thơm, Heny Garden, khay oval đựng nến, khay đựng tinh dầu, decor bàn làm việc, khay nến màu vàng, khay nến bảy màu, đĩa lót nến chuyên dụng.
37	Coconut_And_Sea_Salt.md		Product_Catalog	Product name: Coconut And Sea Salt  Category: Scented Candle  Main Scents: - Coconut - Sea Salt - Ocean Breeze  Season: - Spring - Summer - Any Season  Fragrance Family:Fresh, Aquatic, Tropical  Scent Profile: A refreshing coastal-inspired fragrance that combines creamy coconut with crisp sea salt accords. The scent evokes a tropical beach atmosphere with airy ocean notes and a clean marine finish.  Customer Perception: - Fresh and clean - Beach-like atmosphere - Relaxing and airy - Tropical without being overly sweet - Vacation-inspired fragrance - Light and refreshing  Suitable For: - Living Room - Bathroom - Bedroom - Beach House - Home Office - Summer Gatherings  Mood: - Relaxing - Refreshing - Tropical - Calm - Airy - Vacation-like - Coastal  Technical Specifications: - Brand: PotterWick - Material: Soy Blend Wax - Color: White - Season: Spring, Summer, Any Season - Weight: 12 oz - Dimensions: 6.81" x 6.81" - Burn Time: Approximately 50–70 hours - Container: Ceramic Jar - Lid:Wooden Lid - Wick Type: Cotton Wick  Best For: - Beach-inspired home fragrance - Summer home décor - Bathroom fragrance - Relaxing evenings - Tropical-themed interiors - Vacation home ambience - Fresh everyday scenting  Keywords: Seychelles Candle, Coconut Sea Salt Candle, PotterWick Candle, Tropical Candle, Coastal Candle, Ocean Candle, Coconut Candle, Fresh Candle, Soy Blend Candle, Summer Candle, Beach House Candle, Marine Fragrance Candle  Vietnamese Keywords: nến seychelles, nến coconut sea salt, nến potterwick, nến hương dừa, nến muối biển, nến biển nhiệt đới, nến thơm mùa hè, nến hương biển, nến thư giãn, nến phòng tắm, nến phòng ngủ, nến đậu nành pha trộn, nến phong cách biển
38	Dalat_Gift.md		Product_Catalog	Product name: Dalat Gift  Category: Scented Candle & Travel Perfume Gift Set / Essential Oil Keepsake  Main Scents: Pine Wood, Fresh Moss, Lemon Peel, Warm Amber, Cedarwood, and Crisp Mountain Tea.  Season: Autumn / Winter / Rainy Season (Captures the nostalgic, misty, and chilling weather of the high-altitude city of Da Lat).  Fragrance Family: Earthy Woody / Fresh Aromatic Botanical  Scent Profile: An evocative fragrance profile that instantly transports you into a pine forest shrouded in early morning fog. It opens with a crisp, refreshing splash of cold lemon peel, which quickly settles into a grounding, resinous heart of green moss and towering pine trees. The base notes leave a lingering, comforting warmth of dry amber and cedarwood, perfectly complemented by the airy, clean herbal breeze of the accompanying "Mountain Tea" eau de toilette spray.  Customer Perception: Customers perceive this gift box as a deeply nostalgic, relaxing, and artistic present tailored for anyone who loves nature or seeks peace of mind. It is highly praised for perfectly capturing the chilly, romantic mood of Da Lat through scent. Users love the combination of a daily personal fragrance spray with a soothing home candle, noting that the beautiful bouquet of dried hydrangea and bunny tail grasses makes unboxing look incredibly rustic, thoughtful, and high-end.  Suitable For: Birthday gifts, therapeutic self-care treats, calming home workspace enhancers, or thoughtful souvenirs for travelers who adore atmospheric highland cities.  Mood: Nostalgic, peaceful, misty, grounding, refreshing, cozy.  Technical Specifications: - Brand: Heny Garden (prominently watermarked at the top center). - Candle Variation: Đà Lạt (Featuring key notes: Gỗ Thông & Rêu, Vỏ Chanh, Hổ Phách, Tuyết Tùng). - Container Care: Clear glass candle jar topped with a natural, eco-friendly light bamboo wooden lid. - Perfume Companion: Mountain Tea Eau De Toilette – 10ml travel-sized clear glass spray bottle with a sleek black cap. - Gift Set Contents: A sturdy kraft paper gift box filled with paper crinkle shreds, the signature "Đà Lạt" candle jar accented by a wax seal emblem, a 10ml "Mountain Tea" perfume spray, a dried cream hydrangea flower bouquet accented with bunny tail stems, two dehydrated real orange slices, and a thick natural cross-cut pine log coaster.  Best For: Creating a cozy, pine-scented indoor atmosphere on rainy days, carrying a refreshing herbal scent on the go, protecting wooden table surfaces with a rustic log mat, and treating a loved one to a fully curated sensory relaxation routine.  Keywords: heny garden dalat, pine wood scented candle, mountain tea perfume, moss cedarwood candle, highland gift set, travel eau de toilette, bamboo lid candle, dried hydrangea bouquet, rustic wood coaster, aromatherapy gift box  Vietnamese Keywords: Set Quà Tặng Đà Lạt, nến thơm Heny Garden, nước hoa Mountain Tea, combo quà tặng nến thơm, nến thơm mùi gỗ thông, tinh dầu nước hoa, hoa khô trang trí, đế gỗ lót nến, quà tặng sinh nhật, hộp quà nến thơm rêu gỗ.
39	Day_Party.md		Product_Catalog	Product name: Day Party  Category: Scented Candle  Main Scents: Lemon, Orange, Apple Pie, Strawberry, Rose, Peach Juice, Flowers, Sugar.  Season:Summer / Spring  Fragrance Family: Fruity / Sweet  Scent Profile: A fruity and sweet fragrance featuring citrus fruits, strawberry, peach juice and floral notes with a sugary finish. Top notes are Lemon, Orange and Apple Pie; middle notes feature Strawberry, Rose and Peach Juice; base notes settle into Flowers and Sugar.  Customer Perception: Customers perceive this candle as a vibrant, sweet, and uplifting scent that fills the room with a celebratory, bright atmosphere. The citrus and fruit notes are highly noticeable, creating an inviting and happy environment perfect for social gatherings or daytime relaxation.  Suitable For: Daytime use, social gatherings, pool parties, kitchen or living room freshening, and gifting for bright, energetic personalities.  Mood: Fun, energetic, cheerful, summer-inspired.  Technical Specifications: - Brand: Friday Collective - Material: Soy Wax Blend (with Essential Oils) - Color: Yellow - Weight: 13.5 oz  Best For: Boosting mood, daytime energy, creating a welcoming and sweet-smelling party atmosphere, and summer home decor.  Keywords: fruity candle, sweet candle, summer fragrance, citrus candle, lemon scent, orange scent, strawberry scent, peach fragrance, floral scent, party candle  Vietnamese Keywords: nến thơm trái cây, nến thơm ngọt ngào, hương thơm mùa hè, nến thơm cam chanh, hương chanh tây, hương cam, hương dâu tây, nến thơm vị đào, hương hoa cỏ, nến thơm tiệc tùng, Friday Collective Day Party.
40	Jasmin_ylang_ylang_sandalwood.md		Product_Catalog	Product name: Jasmin ylang ylang sandalwood  Category: Scented Candle  Main Scents: - Jasmin (Jasmine) - Ylang-Ylang - Sandalwood  Season: Autumn / Winter (but suitable for year-round relaxation)  Fragrance Family: Floral / Woody / Oriental  Scent Profile: A sophisticated, rich, and deeply calming fragrance that beautifully balances intense floral notes with a warm, grounding base. The scent profile opens with the sweet, exotic floralcy of Jasmin and the intoxicating, slightly creamy sweetness of Ylang-Ylang. It then transitions into a smooth, rich, and earthy base dominated by warm Sandalwood, creating a comforting and luxurious sensory experience.  Customer Perception: Customers perceive this candle as an elegant, therapeutic, and deeply relaxing scent. The blend of jasmin and ylang-ylang is viewed as sensual and calming, while the sandalwood cuts through the floral sweetness to add a warm, sophisticated depth. It is highly praised for creating a spa-like or meditative environment.  Suitable For: Evening relaxation, meditation, yoga sessions, bedroom ambiance, spa treatments, romantic settings, and winding down after a long day.  Mood: Calm, relaxing, sensual, meditative, luxurious, grounding.  Technical Specifications: - Brand: PotterWick - Material: Soy Wax Blend (indicated by the clean burn and style, with essential oils/fragrance oils) - Color: Off-White / Matte Light Grey Jar with Wood Lid - Weight: 16 oz  Best For: Stress relief, sleep preparation, creating a peaceful sanctuary at home, and minimal modern home decor.  Keywords: jasmin candle, ylang-ylang scent, sandalwood candle, floral woody fragrance, relaxing candle, spa scented candle, calming aromatherapy, warm sandalwood, exotic floral, PotterWick candle  Vietnamese Keywords: nến thơm hoa nhài, nến thơm ngọc lan tây, nến thơm gỗ đàn hương, nến thơm hương hoa cỏ gỗ, nến thơm thư giãn, nến thơm trị liệu, hương thơm phòng ngủ, nến thơm cao cấp, PotterWick Jasmin Ylang-Ylang Sandalwood, nến thơm thiền định.
41	Lavander_Vanilia.md		Product_Catalog	Product name: Lavander Vanilia  Category: Scented Candle  Main Scents: Lavender, Vanilla, Tonka Bean, Soft Musk.  Season: Year-round / Autumn (với thiết kế nắp chủ đề tạ ơn/thu hoạch)  Fragrance Family: Floral / Gourmand / Sweet  Scent Profile: A classic, comforting, and deeply soothing fragrance that harmoniously blends herbaceous florals with a warm, creamy sweetness. The scent profile opens with the fresh, aromatic, and calming essence of Lavender. It beautifully transitions into a rich, smooth, and warm heart of sweet Vanilla and subtle Tonka Bean, settling into a soft, cozy musk finish that wraps the room in comfort.  Customer Perception: Customers perceive this candle as a timeless, peaceful, and comforting scent. The combination of lavender and vanilla is highly praised for not being overly medicinal or excessively sweet, but rather perfectly balanced. It is widely viewed as a go-to candle for winding down, reducing anxiety, and creating a cozy, homey atmosphere.  Suitable For: Bedrooms, bathrooms (for a relaxing bath), evening wind-down routines, reading spaces, and gifting during the fall or Thanksgiving season due to the festive lid design.  Mood: Calming, cozy, comforting, peaceful, relaxing, warm.  Technical Specifications: - Brand: Delight Candles - Color: Purple Jar with an illustrated decorative lid ("So Thankful" pumpkin/sunflower motif) - Material: Soy Wax Blend - Weight: 12 oz  Best For: Promoting better sleep, stress relief after work, creating a cozy autumnal ambiance, and seasonal home decoration.  Keywords: lavender candle, vanilla scented candle, lavender vanilla, calming candle, relaxation aromatherapy, cozy fragrance, soy wax blend, Delight candles, fall decor candle, sweet floral scent  Vietnamese Keywords:nến thơm hoa oải hương, nến thơm hương vani, nến thơm oải hương vani, nến thơm thư giãn, nến thơm dễ ngủ, hương thơm giảm stress, nến thơm Delight Candles, nến thơm mùa thu, trang trí nhà cửa, nến thơm ấm áp.
42	Lumos_And_Cucumber.md		Product_Catalog	Product name: Lumos And Cucumber  Category: Reed Diffuser (Tinh dầu tán hương cắm que)  Main Scents: Bạch đàn (Eucalyptus), Bạc hà (Peppermint), Hoa nhài (Jasmine), Trà trắng (White Tea), Gỗ tuyết tùng (Cedarwood). (Dòng sản phẩm khuếch tán cơ bản của Lumos thường tập trung vào các nhóm hương tươi mát, thảo mộc hoặc hoa cỏ thư giãn).  Season:Year-round (Quanh năm)  Fragrance Family: Fresh / Herbal / Floral  Scent Profile: A clean, refreshing, and airy fragrance profile designed for continuous scent throw without heat. It opens with crisp, invigorating herbal notes of eucalyptus and mint, transitions into a delicate, clean heart of white tea and jasmine, and settles into a light, grounding base of sheer woods. It mimics the fresh, welcoming ambiance of a luxury spa or a boutique hotel lobby.  Customer Perception: Customers perceive this product as an elegant, hassle-free alternative to candles. The scent distribution is seen as constant, subtle, and non-overwhelming. The aesthetic design—characterized by the clean white bottle and black ribbon—is highly praised for serving as a beautiful piece of minimal home decor.  Suitable For: Living rooms, entryways/foyers, bathrooms, walk-in closets, office desks, and areas where open flames (candles) are not permitted or safe.  Mood: Fresh, relaxing, clean, welcoming, elegant, serene.  Technical Specifications: - Brand: Lumos - Material: Liquid Fragrance Oil / Essential Oil Blend (housed in a ceramic/glass glossy white bottle with a wooden stopper and a black decorative ribbon) - Color: White bottle with a black bow - Weight: Typically 100ml - 150ml (Standard Reed Diffuser size)  Best For: Continuous, effortless room scenting, neutralizing bathroom odors, welcoming guests in the entryway, and minimalist home decoration.  Keywords: reed diffuser, liquid air freshener, Lumos diffuser, continuous fragrance, fresh scent, home fragrance, white tea diffuser, minimal home decor, room deodorizer, oil diffuser with sticks  Vietnamese Keywords: tinh dầu tán hương, tinh dầu cắm que, tinh dầu khuếch tán Lumos, nước hoa để phòng, tinh dầu thơm phòng, Lumos Reed Diffuser, hương thơm spa, trang trí phòng khách, tinh dầu không đốt, khử mùi phòng vệ sinh.
43	Lumos_Cajeput.md		Product_Catalog	Product name: Lumos Cajeput  Category: Essential Oil  Main Scents: Xông Cảm (Cold/Flu Relief Blend), Sả Chanh (Lemongrass), Bạc Hà (Peppermint), Tràm Gió (Cajeput).  Season: Year-round (Particularly beneficial during cold, rainy seasons or seasonal transitions).  Fragrance Family: Herbal / Camphorous / Fresh  Scent Profile: A collection of pure herbal fragrances from Vietnamese nature designed for therapeutic purposes. - Sả Chanh (Lemongrass) & Bạc Hà (Peppermint): Deliver crisp, invigorating, and sharp herbal notes that purify the indoor air and awaken the senses. - Xông Cảm (Cold Relief) & Tràm Gió (Cajeput): Feature warm, rich, and medicinal notes characteristic of traditional steaming leaves (such as eucalyptus, cajuput, and ginger), providing a comforting sensation for the respiratory system when body fatigue sets in.  Customer Perception: Customers highly praise this collection for its authentic, true-to-nature herbal fragrances, which evoke a professional spa or traditional wellness center environment. It is widely trusted by families with elderly members or young children to support respiratory health and naturally repel insects.  Suitable For: Aromatherapy diffusers, humidifiers, bath water infusion, facial steaming, or diluted body massage (specifically for the Cajeput oil). It fits perfectly in bedrooms, living rooms, bathrooms, and home spa spaces.  Mood: Therapeutic, refreshing, healing, calming, warm.  Technical Specifications: - Brand: Natural Lumos - Material: 100% Pure Essential Oil (Natural extract, Made in Vietnam). - Color: Dark amber glass bottle (designed for UV protection) with a rustic kraft paper label. - Weight:50ml per bottle.  Best For: Room deodorizing, naturally repelling mosquitoes and insects (especially Lemongrass and Peppermint), relieving symptoms of cold and nasal congestion, purifying the air, and promoting mental relaxation.  Keywords: essential oil set, pure essential oil, lemongrass oil, peppermint essential oil, cajeput oil, cold relief oil, natural air freshener, Lumos essential oil, aromatherapy oil, 50ml essential oil  Vietnamese Keywords: tinh dầu nguyên chất, tinh dầu thiên nhiên, tinh dầu Lumos, tinh dầu sả chanh, tinh dầu bạc hà, tinh dầu tràm gió, tinh dầu xông cảm, tinh dầu đuổi muỗi, xông phòng giải cảm, tinh dầu thiên nhiên Việt Nam.
44	Lumos_cold.md		Product_Catalog	Product name: Lumos cold  Category: Essential Oil  Main Scents: Lemongrass, Ginger, Grapefruit Peel, Mint, Rosemary.  Season: Autumn / Winter (Extremely beneficial during wet seasons, cold weather, or seasonal transitions).  Fragrance Family: Herbal / Camphorous / Warm Spicy  Scent Profile: A powerful, traditional therapeutic blend rooted in Vietnamese herbal remedies. It opens with the sharp, crisp top notes of refreshing mint and aromatic lemongrass. The fragrance quickly deepens into a warm, grounding heart of spicy ginger and fresh rosemary, rounded out by the bright, clean, medicinal undertone of citrus oils like grapefruit peel to provide instant sensory comfort.  Customer Perception: Customers perceive this product as an incredibly reliable, deeply comforting remedy for body fatigue and respiratory discomfort. It is highly valued for smelling exactly like a fresh pot of traditional boiling herbs used for medicinal steaming in Vietnamese households. It leaves users feeling safe, physically warmed, and thoroughly decongested.  Suitable For: Aromatherapy room diffusers, herbal steam inhalation, adding to warm bathwater, facial steaming routines, or clarifying indoor spaces during cold and flu seasons.  Mood: Therapeutic, healing, warm, grounding, comforting.  Technical Specifications: - Brand: Natural Lumos - Material: 100% Pure Essential Oil (Natural extract blend, Made in Vietnam). - Color: Dark amber glass bottle for optimal UV ray protection, paired with a rustic kraft paper label. - Weight: 50ml.  Best For: Relieving nasal congestion, soothing cold and flu symptoms, warming up physical living spaces, eliminating musty room odors, and mental relaxation during fatigue.  Keywords: cold relief oil, herbal essential oil, therapeutic blend, ginger essential oil, lemongrass mint, warm fragrance, natural air purifier, Lumos essential oil, aromatherapy blend, 50ml essential oil  Vietnamese Keywords: tinh dầu xông cảm, tinh dầu thiên nhiên, tinh dầu nguyên chất, tinh dầu giải cảm, tinh dầu thảo mộc, xông phòng giải cảm, tinh dầu gừng sả, tinh dầu Lumos xông cảm, xông mũi họng, tinh dầu ấm áp.
45	Lumos_Honeydrew_And_Coconut.md		Product_Catalog	Product name: Lumos Honeydrew And Coconut  Category: Reed Diffuser  Main Scents: Honeydew Melon, Coconut Milk, Vanilla, Soft Musk, Sheer Florals.  Season: Summer / Spring  Fragrance Family: Fruity / Tropical / Sweet  Scent Profile: A bright, delicious, and distinctly tropical fragrance profile that balances luscious fruitiness with creamy warmth. It opens with the refreshing, watery sweetness of ripe honeydew melon. The heart unfolds into a rich, velvety layer of smooth coconut milk and a hint of sheer tropical blossoms, all resting comfortably on a warm, comforting base of sweet vanilla and soft musk for a smooth and enduring finish.  Customer Perception: Customers perceive this reed diffuser as a highly uplifting, sweet, and comforting aroma. It is frequently described as smelling like an upscale tropical resort or a sweet melon dessert. Users appreciate that it brings a bright, summery vibe indoors without being overly harsh or artificial, offering a smooth and consistent background scent throw.  Suitable For: Living rooms, sunny kitchens, guest bathrooms, beach houses, apartment entryways, and any workspace needing a bright, cheerful sensory boost.  Mood: Cheerful, sunny, relaxing, sweet, tropical, refreshing.  Technical Specifications: - Brand: Lumos Co. - Material: Liquid Fragrance & Essential Oil Blend (housed in a heavy clear glass square bottle with a shiny metallic - silver cap). - Color: Light gold/yellow liquid. - Weight:100ml.  Best For: Creating a welcoming, summery indoor ambiance, neutralizing everyday room odors continuously without flames, gifting for lovers of gourmand/fruity profiles, and complementing modern minimal room styles.  Keywords: honeydew diffuser, coconut reed diffuser, tropical fragrance oil, sweet room scent, melon scented oil, continuous air freshener, Lumos Co diffuser, summer home fragrance, fruity room deodorizer, 100ml reed diffuser  Vietnamese Keywords: tinh dầu tán hương, tinh dầu cắm que, tinh dầu dưa lưới dừa, nước hoa để phòng, tinh dầu Lumos Co, hương thơm nhiệt đới, dưa lưới và dừa nhạt, tinh dầu thơm phòng, hương ngọt ngào mùa hè, khử mùi phòng khách.
46	Lumos_Juicy_Peach.md		Product_Catalog	Product name: Lumos Juicy Peach  Category: Reed Diffuser  Main Scents: Bulgarian Rose, Pink Peony, White Musk, Soft Amber, Vanilla Berry.  Season:Spring / Summer  Fragrance Family: Floral / Soft Rosy  Scent Profile: A delicate, romantic, and beautifully elegant floral fragrance. It opens with the fresh, dew-kissed top notes of premium Bulgarian rose and blooming pink peonies. The scent body evolves into a gentle, powdery blend of sheer white petals, eventually settling into a smooth, warm base of creamy vanilla berry and soft amber that leaves a sophisticated, comforting trailing aroma.  Customer Perception: Customers perceive this diffuser as an incredibly gentle, feminine, and high-end floral scent. It is highly praised for capturing the true, non-synthetic essence of a fresh bouquet of roses without being cloying or causing headaches. The soft pastel pink bottle paired with the cream-gold ribbon bow makes it a popular choice for aesthetic room makeovers and vanity table decor.  Suitable For: Bedrooms, dressing rooms, walk-in closets, home offices, vanity tables, and elegant restrooms.  Mood: Romantic, elegant, soft, serene, feminine, comforting.  Technical Specifications: - Brand: Lumos - Material: Liquid Fragrance Oil & Pure Essential Oils (housed in a glossy pastel pink glass/ceramic bottle with a wooden stopper and a cream-colored decorative ribbon bow). - Color: Pastel Pink. - Weight: Typically 100ml - 150ml.  Best For: Adding a continuous, romantic floral ambiance to personal spaces, refreshing bedrooms effortlessly without flames, gifting on anniversaries or Valentine's Day, and enhancing pastel-themed room aesthetics.  Keywords: rose reed diffuser, peony room fragrance, floral diffuser sticks, continuous room scent, elegant home fragrance, Lumos pink diffuser, romantic home scent, aesthetic room deodorizer, liquid air freshener, 100ml flower diffuser  Vietnamese Keywords: tinh dầu tán hương, tinh dầu cắm que, tinh dầu hoa hồng, tinh dầu Lumos hồng, nước hoa để phòng, hương hoa mẫu đơn, tinh dầu thơm phòng ngủ, tinh dầu không đốt, khuếch tán hương thơm, trang trí phòng ngủ.
47	Lumos_Lemongrass.md		Product_Catalog	Product name: Lumos Lemongrass  Category: Essential Oil  Main Scents: Lemongrass, Citrus, Herbaceous Green Notes.  Season: Summer / Spring (Extremely popular during the rainy season or high-mosquito periods).  Fragrance Family: Citrus / Herbal / Fresh  Scent Profile: A clean, sharp, and highly invigorating single-note botanical fragrance. It opens with a powerful burst of crisp, tart citrus notes closely resembling fresh lemon zest. The body reveals a deeply aromatic, green, and slightly earthy herbaceous profile that cuts through indoor air, finishing with a lingering, clean botanical crispness that completely revives the atmosphere.  Customer Perception: Customers perceive this product as an incredibly fresh, authentic, and hardworking natural air purifier. It is highly valued for its crisp, clean scent profile that instantly eliminates strong room odors (like cooking or pet smells). Users appreciate that it delivers a real, pure botanical kick without any synthetic chemical undertones, making the home smell like a clean, professional spa.  Suitable For: Aromatherapy room diffusers, electronic humidifiers, bathroom deodorizing, natural bug-repellent sprays, floor-cleaning water mixtures, and kitchen freshening.  Mood: Energizing, refreshing, purifying, uplifting, clean.  Technical Specifications: - Brand: Natural Lumos - Material: 100% Pure Essential Oil (Natural plant extract, Made in Vietnam). - Color: Dark amber glass bottle for optimal UV ray protection, paired with a rustic kraft paper label. - Weight: 50ml per bottle.  Best For: Repelling mosquitoes and insects naturally, neutralizing strong indoor odors, boosting focus and daytime energy, and clarifying heavy or stuffy air.  Keywords: lemongrass essential oil, pure lemongrass, citrus oil, natural insect repellent, bug spray oil, refreshing room scent, aromatic essential oil, Lumos lemongrass, spa aromatherapy, 50ml pure oil  Vietnamese Keywords: tinh dầu sả chanh, tinh dầu thiên nhiên, tinh dầu đuổi muỗi, tinh dầu nguyên chất, tinh dầu sả chanh Lumos, xông phòng khử mùi, tinh dầu thơm phòng, tinh dầu đuổi côn trùng, tinh dầu nguyên chất 50ml, tinh dầu xông phòng.
48	Lumos_menthol.md		Product_Catalog	Product name: Lumos menthol  Category: Essential Oil  Main Scents: Peppermint, Menthol, Crisp Herbal Green Notes.  Season: Summer / Spring (Extremely refreshing during hot weather or for morning wake-up routines).  Fragrance Family: Fresh / Minty / Herbal  Scent Profile: An intensely crisp, sharp, and icy single-note botanical fragrance. It opens with an immediate, powerful blast of cooling menthol that instantly opens up the senses. The body reveals a clean, piercing, and highly refreshing green herbaceous profile, finishing with a lingering, sweet balsamic crispness that leaves the air feeling completely chilled and purified.  Customer Perception: Customers perceive this product as an incredibly potent, cooling, and energizing natural air freshener. It is highly valued for its ability to provide an instant mental wake-up call, ease head tension, and cool down the ambient temperature feeling of a room. Users love using it in the morning or during work hours to boost alertness and wipe out stuffy or stale room odors.  Suitable For: Aromatherapy room diffusers, electronic humidifiers, morning shower steam routines, focus-heavy workspaces, gym or yoga rooms, and natural cooling body mist blends.  Mood: Energizing, cooling, refreshing, clarifying, sharp, invigorating.  Technical Specifications: - Brand: Natural Lumos - Material: 100% Pure Essential Oil (Natural plant extract, Made in Vietnam). - Color: Dark amber glass bottle for optimal UV ray protection, paired with a rustic kraft paper label. - Weight: 50ml per bottle.  Best For: Boosting mental focus and daytime productivity, relieving nasal congestion, creating an instantly cooling indoor vibe during hot summer days, and neutralizing musty odors.  Keywords: peppermint essential oil, pure peppermint, menthol oil, cooling room scent, energizing aromatherapy, crisp mint fragrance, natural air purifier, Lumos peppermint, refreshing essential oil, 50ml pure oil  Vietnamese Keywords: tinh dầu bạc hà, tinh dầu thiên nhiên, tinh dầu nguyên chất, tinh dầu bạc hà Lumos, tinh dầu xông phòng, hương thơm mát lạnh, tinh dầu giảm stress, tinh dầu thơm phòng, tinh dầu thiên nhiên 50ml, khử mùi phòng làm việc.
49	Lumos_Midnight_sandalwood.md		Product_Catalog	Product name: Lumos Midnight sandalwood  Category: Reed Diffuser  Main Scents: Dark Rose, Oud Wood, Sandalwood, Patchouli, Velvet Musk. (Lumos's premium black collection traditionally highlights deep, mysterious, woody-floral notes).  Season: Autumn / Winter  Fragrance Family: Woody / Oriental / Dark Floral  Scent Profile: A deep, rich, and mysterious ambient fragrance designed for continuous luxury scenting. It opens with the velvety, dramatic top notes of blooming midnight roses and warm spices. The scent profile quickly shifts into a highly sophisticated, grounding heart of rare oud wood and earthy patchouli, settling into a dense, smooth base of warm sandalwood and dark velvet musk that wraps the room in quiet luxury.  Customer Perception: Customers perceive this diffuser as a highly premium, bold, and masculine or unisex home scent. It is highly praised for smelling like an expensive boutique hotel lounge or high-end niche perfume. Users love the striking aesthetic contrast of the glossy black bottle, noting that it acts as an elegant decorative statement piece for modern, minimal, or dark-themed interior aesthetics.  Suitable For: Living rooms, executive home offices, master bedrooms, study rooms, personal libraries, and modern corridors or entryways.  Mood: Mysterious, luxurious, deep, bold, grounding, calming.  Technical Specifications: - Brand: Lumos - Material: Liquid Fragrance & Concentrated Essential Oils (housed in a glossy, opaque black glass/ceramic bottle with a natural wooden stopper and a black decorative ribbon bow). - Color: Shiny Black. - Weight: Typically 100ml - 150ml.  Best For: Creating a highly sophisticated and mature room ambiance, continuous scent distribution in high-traffic living spaces, neutralizing heavy room odors efficiently, and accentuating minimal modern interior designs.  Keywords: black reed diffuser, oud wood room scent, dark rose diffuser, luxury home fragrance, woody oil diffuser, continuous room freshener, Lumos black diffuser, oriental home fragrance, premium room deodorizer, 100ml oil diffuser  Vietnamese Keywords: tinh dầu tán hương, tinh dầu cắm que, tinh dầu gỗ mun, tinh dầu Lumos đen, nước hoa để phòng cao cấp, hương gỗ trầm hương, tinh dầu thơm phòng khách, tinh dầu không đốt, khuếch tán hương thơm sang trọng, decor phòng khách.
50	Lumos_Rose_Boutique.md		Product_Catalog	Product name: Lumos Rose Boutique  Category: Reed Diffuser  Main Scents: Sparkling Rosé Wine, Fresh Red Roses, Wild Strawberries, White Musk, Soft Amber.  Season: Spring / Summer  Fragrance Family: Floral / Fruity / Beverage Wine  Scent Profile: A bright, luxurious, and celebratory fragrance profile that blends romantic florals with effervescent fruitiness. It opens with the lively, bubbly top notes of sparkling rosé wine and sweet wild strawberries. The heart reveals a rich, sophisticated bouquet of fresh-cut red roses and delicate gardenia petals, beautifully anchored by a smooth, velvety base of clean white musk and soft warm amber.  Customer Perception: Customers perceive this reed diffuser as a highly elegant, cheerful, and upscale fragrance. It is frequently described as smelling like a luxurious garden party, an outdoor wedding, or a high-end champagne brunch. Users love that the romantic rose note is modernized and lightened by the sparkling wine and berry elements, ensuring it smells fresh, crisp, and never dusty or old-fashioned.  Suitable For: Living rooms, master bedrooms, elegant dressing rooms, dining tables, bridal showers, luxury restrooms, and boutique reception areas.  Mood: Romantic, celebratory, elegant, cheerful, luxurious, uplifting.  Technical Specifications: - Brand: Lumos Co. - Material: Liquid Fragrance & Concentrated Essential Oil Blend (housed in a heavy clear glass square bottle designed to accommodate fiber or rattan diffuser sticks). - Color: Deep amber / rose gold liquid. - Weight:100ml.  Best For: Setting a romantic or celebratory mood in living spaces, providing effortless and flame-free continuous room fragrance, gifting for anniversaries or housewarmings, and acting as an aesthetic vanity table accessory.  Keywords: rose reed diffuser, sparkled wine scent, luxury home fragrance, floral room diffuser, rosé bouquet, continuous room freshener, Lumos Co diffuser, romantic home scent, fruity floral fragrance, 100ml oil diffuser  Vietnamese Keywords: tinh dầu tán hương, tinh dầu cắm que, tinh dầu hương hoa hồng, nước hoa để phòng, tinh dầu Lumos Co, hương rượu vang hồng, tinh dầu thơm phòng khách, tinh dầu không đốt, khuếch tán hương thơm, bó hoa hồng và quả mọng.
51	Lumos_Tropical_Orchard.md		Product_Catalog	Product name: Lumos Tropical Orchard  Category: Reed Diffuser  Main Scents: Ripe Mango, Passion Fruit, Fresh Guava, Sweet Citrus, Sheer Green Leaves.  Season: Summer / Spring  Fragrance Family: Fruity / Tropical / Vibrant Fresh  Scent Profile: A sun-drenched, juicy, and dynamic fragrance profile that captures the essence of a hidden exotic orchard. It opens with an immediate splash of vibrant passion fruit and zesty sweet citrus. The body deepens into a luscious heart of succulent ripe mangoes and sweet fresh guava, subtly balanced by a light base of dew-covered green leaves that keeps the overall sweetness grounded, clean, and crisp.  Customer Perception: Customers perceive this reed diffuser as an incredibly mouth-watering, energetic, and refreshing fruit scent. It is widely praised for smelling like a fresh, ice-cold tropical fruit punch or an outdoor orchard market in the summer. Users love that the inclusion of sheer green elements prevents the heavy fruit notes from turning overly syrupy or cloying, creating a highly uplifting and continuous background scent throw.  Suitable For: Bright kitchens, sunlit living rooms, guest restrooms, coastal summer homes, apartment foyers, and creative studio spaces needing a burst of dynamic energy.  Mood: Vibrant, energetic, cheerful, tropical, refreshing, bright.  Technical Specifications: - Brand: Lumos Co. - Material: Liquid Fragrance & Concentrated Essential Oil Blend (housed in a heavy clear glass square bottle designed to accommodate fiber or rattan diffuser sticks). - Color: Warm golden-yellow liquid. - Weight: 100ml.  Best For: Instantly brightening up stale indoor air, continuously infusing daytime living spaces with a summery fruit vibe without open flames, masking strong kitchen odors, and complementing minimal, light-filled interior styling.  Keywords: tropical reed diffuser, fruit orchard scent, luxury home fragrance, mango passionfruit diffuser, continuous room freshener, Lumos Co diffuser, vibrant home scent, exotic fruit air freshener, summer vibe room oil, 100ml oil diffuser  Vietnamese Keywords: tinh dầu tán hương, tinh dầu cắm que, tinh dầu hương trái cây nhiệt đới, nước hoa để phòng, tinh dầu Lumos Co, hương xoài và chanh dây, tinh dầu thơm phòng khách, tinh dầu không đốt, khuếch tán hương thơm, vườn trái cây nhiệt đới.
52	Milk_Vanilla.md		Product_Catalog	Product name: Milk Vanilla  Category: Scented Candle  Main Scents: Vibrant Citrus, Fresh Mango, Sparkling Prosecco, Bright Mandarin, Sugared Amber.  Season: Summer / Spring  Fragrance Family: Fruity / Citrus / Vibrant  Scent Profile: An explosive, high-energy fragrance profile designed to bring an instant daytime celebration indoors. It opens with a loud, refreshing burst of zesty mandarin and tart sparkling citrus notes. The heart reveals a juicy, tropical core of ripe mango slices and effervescent prosecco bubbles, settling smoothly into a warm, joyful base of light sugared amber that keeps the energy buzzing and vibrant throughout the burn.  Customer Perception: Customers perceive this candle as the ultimate mood booster and daytime pick-me-up. It is frequently described as smelling like a sunny pool party, a bottomless brunch, or a refreshing tropical cocktail. Users absolutely love the intense neon yellow jar, noting that its bold appearance perfectly matches its bright, loud, and refreshing fragrance profile that fills a room incredibly fast.  Suitable For: Living rooms during daytime social gatherings, creative home workspaces needing a burst of inspiration, lively kitchens, and upbeat weekend morning routines.  Mood: Energetic, joyful, bright, celebratory, uplifting, vibrant.  Technical Specifications: - Brand: Friday Collective - Material: Premium soy wax blend infused with essential oils (housed in a smooth, vibrant neon yellow opaque glass jar with clean white graphic text). - Color: Neon Yellow container. - Weight: 16 oz  Best For: Waking up the senses on a dull morning, setting a joyful and welcoming atmosphere for weekend guests, masking stubborn kitchen odors with crisp citrus, and adding a neon pop of color to modern home decor.  Keywords: day party candle, friday collective, yellow jar candle, tropical fruit scent, mango citrus candle, essential oil candle, bright room fragrance, summer vibe candle, energetic home scent, vibrant scented candle  Vietnamese Keywords: nến thơm trái cây, nến thơm cao cấp, hương xoài quýt, nến thơm Friday Collective, nến thơm khử mùi, hương thơm mùa hè, nến thơm tinh dầu, trang trí phòng khách, nến thơm màu vàng, hương tươi mát ngày hè.
53	Nen_and_Hoa.md		Product_Catalog	Product name: Nen and Hoa  Category: Scented Candle  Main Scents: Exotic Jasmine, Sweet Ylang-Ylang, Warm Sandalwood, Smooth Vanilla, Soft Amber.  Season: Autumn / Winter (Also highly suitable for cozy, rainy evenings year-round).  Fragrance Family: Floral / Woody / Creamy Oriental  Scent Profile: A deeply soothing, elegant, and sensual aromatic blend. It opens with the intoxicating, rich floral top notes of exotic night-blooming jasmine and sweet, banana-toned ylang-ylang blossoms. The fragrance gently deepens into a warm, creamy, and sophisticated heart of sacred Mysore sandalwood, resting on a base of smooth vanilla and amber to ground the floral intensity with a velvety woody warmth.  Customer Perception: Customers perceive this candle as a deeply relaxing, luxurious, and meditative fragrance. It is frequently described as a perfect wind-down scent for nighttime routines, mimicking the serene, comforting vibe of a high-end spa resort. Users highly appreciate the elegant minimalist aesthetic of the matte cream ceramic jar and the light wooden lid, making it a beautiful decoration piece even when unlit.  Suitable For: Bedrooms during evening wind-down, master bathrooms during a hot bath soak, yoga or meditation corners, and intimate living spaces during quiet rainy nights.  Mood: Relaxing, sensual, elegant, meditative, comforting, serene.  Technical Specifications: - Brand: PotterWick - Material: Premium soy-blend wax infused with fine fragrance oils, fitted with a wooden wick or specialized cotton wick (housed in a matte cream/light grey ceramic jar). - Color: Cream-colored jar with a natural light wood lid. - Weight: 16oz (Large jar).  Best For: Promoting deep sleep and relaxation before bed, masking indoor odor with a premium floral-woody throw, long-burning aromatherapy sessions, and gifting for housewarmings or self-care lovers.  Keywords: jasmine scented candle, ylang-ylang fragrance, sandalwood candle, luxury soy candle, wood lid candle, PotterWick candle, 16oz scented candle, relaxing home fragrance, therapeutic candle, cozy bedroom scent  Vietnamese Keywords: nến thơm hoa nhài, nến thơm tinh dầu, hương gỗ đàn hương, nến thơm cao cấp, nến thơm PotterWick, nến thơm thư giãn, nến thơm phòng ngủ, nến hũ gốm, quà tặng nến thơm, nến thơm xông phòng.
54	Sandalwood_And_Rose.md		Product_Catalog	Product name: Sandalwood And Rose  Category: Scented Candle  Main Scents: Rich Sandalwood, Crimson Rose Petals, Velvety Musk, Soft Incense, Warm Oud.  Season: Autumn / Winter (Also deeply favored for year-round meditative or sacred routines).  Fragrance Family: Woody / Floral / Traditional Spice  Scent Profile: A deeply soulful, sacred, and romantic aromatic expression. It opens with the lush, classical elegance of fully bloomed crimson rose petals intertwined with a delicate hint of sweet morning dew. The fragrance body quickly shifts into a profound, grounding core of rare sandalwood and soft, warm incense smoke, settling into a dense, velvety base of warm oud and musk that wraps the entire space in quiet reverence and romantic warmth.  Customer Perception: Customers perceive this candle as an incredibly comforting, soulful, and spiritually uplifting fragrance. It is highly praised for capturing a mature, sophisticated balance where the woody depth of sandalwood tempens the traditional sweetness of rose, preventing it from smelling dated. The iconic religious artwork of Our Lady of Guadalupe on the front label makes it a highly treasured collector's item and a meaningful, heartfelt gift.  Suitable For: Personal prayer spaces, home altars, cozy master bedrooms, private reading rooms, and tranquil living rooms during peaceful evening wind-downs.  Mood: Sacred, romantic, peaceful, grounding, nostalgic, meditative.  Technical Specifications: - Brand: Western Brook - Material: Finely curated wax blend infused with highly concentrated essential and fragrance oils (housed in a tall, slender clear glass cylinder jar). - Color: Vibrant crimson red wax with a clean white screw cap. - Weight: 12 oz  Best For: Creating a highly serene or romantic ambient layer, companion burning during reading or reflection hours, gifting for special spiritual milestones, and neutralizing room odors with an exotic woody-floral throw.  Keywords: sandalwood rose candle, western brook candle, crimson red candle, tall glass jar candle, religious art candle, spiritual home fragrance, 12oz scented candle, romantic soy candle, luxury rose incense, meditative room scent  Vietnamese Keywords: nến thơm hoa hồng, nến thơm đàn hương, nến thơm Western Brook, nến thơm hũ thủy tinh, nến thơm màu đỏ, nến thơm tâm linh, hương thơm thư giãn, quà tặng nến thơm, nến thơm xuất khẩu, decor phòng ngủ.
55	Shower_Playlist.md		Product_Catalog	Product name: Shower Playlist  Category: Scented Candle  Main Scents: Refreshing Eucalyptus, Clean Cotton, Crisp Sea Salt, Bright Bergamot, Water Lily.  Season: Year-round / Summer  Fragrance Family: Fresh / Clean / Aquatics  Scent Profile:An ultra-clean, revitalizing, and therapeutic fragrance profile designed to mimic a high-end sensory shower experience. It opens with a bold, clearing inhale of refreshing eucalyptus and zesty bergamot. The body transitions into a serene blend of water lily and crisp sea salt, anchoring down into a comforting, fluffy base of fresh laundry musk and clean cotton that completely clears the mind and resets the senses.  Customer Perception: Customers perceive this candle as the ultimate self-care and unwinding companion. It is highly praised for its crisp, aqueous, and "spa-like" qualities that make any bathroom feel like a luxury resort steam room. Users are highly drawn to the beautiful, iridescent oceanic blue glass container, noting that its modern aesthetic perfectly matches the refreshing, clarifying, and clean nature of the scent throw.  Suitable For: Bathrooms during hot showers or baths, personal home spas, bedrooms for a clean morning awakening, and laundry rooms to maximize freshness.  Mood: Refreshing, clarifying, calm, clean, therapeutic, peaceful.  Technical Specifications: - Brand: Friday Collective - Material: Premium soy wax blend infused with highly concentrated essential oils (housed in an iridescent, smooth oceanic blue opaque glass jar with crisp white typography). - Color: Iridescent Blue container. - Weight: 13.5 oz  Best For: Companion burning during a morning shower or night-time soak, neutralizing bathroom or pet odors with clean aquatics, gifting for self-care routines, and adding an elegant pop of iridescent blue to modern vanities.  Keywords: shower playlist candle, friday collective, blue jar candle, iridescent candle, fresh eucalyptus scent, clean cotton candle, essential oil candle, spa bathroom fragrance, crisp aquatic room scent, premium refreshing candle  Vietnamese Keywords: nến thơm thư giãn, nến thơm cao cấp, hương sả bạch đàn, nến thơm Friday Collective, nến thơm phòng tắm, hương tươi mát, nến thơm tinh dầu, khử mùi nhà vệ sinh, nến thơm màu xanh, nến thơm sạch sẽ.
56	smells_like_cacao_and_vanilla.md		Product_Catalog	Product name: Smells Like Cacao And Vanilla  Category: Scented Candle  Main Scents: - Cacao - Coffee - Vanilla  Season: - Autumn - Winter - Cool Weather  Fragrance Family: Gourmand, Coffee, Sweet  Scent Profile: A rich cacao-forward fragrance with coffee notes and a subtle touch of vanilla sweetness.  Customer Perception: Some users describe it as a realistic cacao and coffee scent with very light sweetness. Others compare it to a warm cup of hot cocoa, making it especially suitable for cool weather.  Suitable For: People who enjoy cacao, coffee and dessert-inspired fragrances.  Mood: Cozy, warm, comforting, indulgent.  Technical Specifications: - Brand: COCO by Store - Material: Soy Wax - Color: Brown - Weight: 11 oz  Best For: Reading Relaxing Coffee Corner Working From Home Rainy Days  Keywords: cacao candle, cocoa candle, chocolate candle, coffee candle, gourmand candle, dessert fragrance, warm scent, cozy candle, vanilla candle, hot cocoa scent  Vietnamese Keywords: nến socola nến sô cô la nến ca cao nến cacao nến cà phê nến hương cà phê nến hương bánh ngọt nến gourmand nến tráng miệng nến ngọt nến mùa đông
57	Sunset_Disco.md		Product_Catalog	Product name: Sunset Disco  Category: Scented Candle  Main Scents: Golden Amber, Sunkissed Citrus, Warm Vanilla, Exotic Teakwood, Velvet Musk.  Season:Summer / Autumn Transition  Fragrance Family: Warm Citrus / Woody Amber / Sundown Fruity  Scent Profile: An electric, warm, and highly intoxicating fragrance profile designed to capture the magical energy of a beachside dance floor at twilight. It opens with a radiant burst of sunkissed citrus and glowing golden amber. The core shifts into a smooth, groovy blend of exotic teakwood and warm vanilla, leaving a lingering, velvet musk base that keeps the twilight party mood alive long after the sun goes down.  Customer Perception: Customers perceive this candle as an incredible mood enhancer that brings a sense of modern nostalgia and vibrant warmth to a room. It is frequently described as smelling like a sophisticated summer night out, a high-end beach resort party, or a tropical sunset cocktail. Users are mesmerized by the glowing, iridescent orange container, noting that its fiery, shifting colors perfectly mimic a real summer sunset and enhance the aesthetic vibe of any room.  Suitable For: Living rooms during evening gatherings, modern bedrooms for an upbeat wind-down vibe, home bars, and dynamic creative workspaces.  Mood: Groovy, warm, energetic, electric, nostalgic, vibrant.  Technical Specifications: - Brand: Friday Collective - Material: Premium soy wax blend infused with highly concentrated essential oils (housed in an iridescent, smooth orange opaque glass jar with clean white typography). - Color: Iridescent Orange container. - Weight: 8 oz  Best For: Setting a lively yet warm evening atmosphere for cocktails or dinners, adding a bold pop of colorful modern decor to a shelf, masking household odors with a rich warm throw, and gifting for music or dance lovers.  Keywords: sunset disco candle, friday collective, orange jar candle, iridescent candle, golden amber scent, warm citrus candle, essential oil candle, twilight room fragrance, summer night vibe, energetic warm scent  Vietnamese Keywords: nến thơm hoàng hôn, nến thơm cao cấp, hương cam hổ phách, nến thơm Friday Collective, nến thơm phòng khách, hương thơm ấm áp, nến thơm tinh dầu, decor phòng ngủ, nến thơm màu cam, hương mùa hè rực rỡ.
58	Warn_Cider_And_Cinamon.md		Product_Catalog	Product name: Warn Cider And Cinamon  Category: Scented Candle  Main Scents: Crisp Apple Cider, Ground Cinnamon, Spiced Clove, Sweet Nutmeg, Brown Sugar.  Season: Autumn / Winter (A quintessential fragrance for harvest season, Thanksgiving, and cozy winter holidays).  Fragrance Family: Warm & Spicy / Gourmand / Fruity Spice  Scent Profile: A comforting, nostalgic, and deeply inviting autumn fragrance that fills the room with rustic warmth. It opens with the juicy, crisp aroma of freshly pressed red apple cider and tart orchard fruits. The heart uncoils into a rich, aromatic blend of freshly ground cinnamon sticks and pungent spiced clove, settling beautifully into a sweet, lingering base of grated nutmeg and warm brown sugar.  Customer Perception: Customers perceive this candle as the ultimate expression of a cozy, welcoming home during the cold months. It is frequently described as smelling like a rustic kitchen during holiday baking, a hot mug of mulled cider, or a festive autumn marketplace. Users love the traditional aesthetic of the plaid/tartan pattern printed on the labels, noting that its classic design perfectly matches the timeless, comforting spice throw of the wax.  Suitable For: Dining rooms during family dinners, living room mantels, welcoming entryways and foyers, and cozy kitchens during rainy or snowy days.  Mood: Cozy, comforting, nostalgic, warm, inviting, festive.  Technical Specifications: - Brand: Unbranded / Artisanal Collection (Custom Plaid Series). - Material: Scented soy blend candle housed in a translucent, deep amber-tinted or plum-tinted glass jar. - Color: White - Weight: 11.9 oz  Best For: Creating a warm and comforting indoor layer against chilly winter weather, setting a festive mood for holiday gatherings, neutralizing cold or stale indoor air with rich spices, and gifting for housewarmings or autumn birthdays.  Keywords: warm cider cinnamon candle, apple cider scent, spice holiday candle, plaid label candle, amber jar candle, 11.9oz scented candle, cozy autumn fragrance, thanksgiving candle, soy blend spice candle, comforting home scent  Vietnamese Keywords: nến thơm quế táo, nến thơm cao cấp, hương táo quế ấm áp, nến thơm sưởi ấm phòng, nến thơm mùa đông, hương thơm ấm cúng, nến thơm tinh dầu, decor hũ thủy tinh, nến thơm họa tiết caro, quà tặng ngày đông.
59	Wood_tray.md		Product_Catalog	Product name: Wood tray  Category: Home Decor / Candle Accessory / Photography Props  Main Scents: Unscented (Natural, mild earthy pine wood aroma).  Season: Year-round (An absolute essential for cozy autumn/winter holiday settings, rustic summer wedding layouts, and year-round photography).  Fragrance Family: Non-fragrance / Utility Home Decor Elements  Product Profile: A collection of authentic, eco-friendly, and beautifully cut natural wooden log slices designed to bring a touch of rustic warmth into modern spaces. Each slice is carefully cross-cut from premium pine logs, showcasing gorgeous, tightly concentric annual growth rings and naturally intact textured tree bark edges. These heat-resistant wooden discs serve as a beautiful protective layer for your tabletops against hot candle jars, beverage mugs, or small planters.  Customer Perception: Customers perceive these wooden slices as incredibly versatile, charming, and premium natural decor pieces. They are highly praised by candle makers and small business owners who use them as photogenic backdrops or display risers to make their products stand out. Users deeply love that each piece features unique organic wood grains, giving their homes or gift boxes a warm, handcrafted, and cozy aesthetic.  Suitable For: Heat-resistant coasters under scented candle jars, decorative table centerpieces for events, step-risers for small product displays, and botanical or jewelry photography flat-lays.  Mood: Rustic, organic, cozy, minimalist, grounded, earthy.  Technical Specifications: - Brand: Artisanal Natural Collection - Material: 100% Real, premium natural pine wood, smoothly sanded on both faces while preserving the rough organic bark trim. - Shape: Organic circular or slightly oval slices. - Thickness: Uniformly cut (typically ranging from 1cm to 1.5cm depending on the batch diameter for optimal stability).  Best For: Protecting delicate furniture from candle heat, elevating the visual aesthetic of product packaging boxes, creating rustic DIY arts and crafts, and setting an organic forest vibe for cozy home spaces.  Keywords: wood log slices, pine tree coasters, rustic wood discs, candle wooden base, natural wood slab, photography props wood, tree bark slice, centerpieces wood round, organic home decor, handmade wood craft  Vietnamese Keywords: đế gỗ nến thơm, khoanh gỗ thông tự nhiên, thớt gỗ decor, phụ kiện chụp ảnh, khoanh gỗ tròn, đế lót cốc, khay gỗ decor nến, trang trí Giáng sinh, đạo cụ chụp ảnh, khoanh gỗ có vỏ.
60	YOU_ARE_THE_MAGIC.md		Product_Catalog	Product name: YOU ARE THE MAGIC  Category: Scented Candle Gift Set  Main Scents: Sweet Roasted Apple, Festive Cinnamon, Warm Clove, Cozy Pine Needle, Soft Vanilla Frosting.  Season: Winter / Christmas Season (Specially designed as a warm holiday keepsake and corporate winter gift).  Fragrance Family: Warm & Spicy / Sweet Holiday Gourmand  Scent Profile: A magical, nostalgic, and deeply comforting holiday fragrance profile designed to evoke the warmth of Christmas morning. It opens with a sweet, comforting aroma of baked apples and sugary vanilla frosting. The core deepens into a festive melody of freshly ground cinnamon and rich clove buds, finishing on a crisp background whisper of fresh forest pine needles that perfectly balances the sweet warmth.  Customer Perception: Customers perceive this gift box as a premium, highly thoughtful, and visually stunning Christmas present. It is frequently praised for its exquisite holiday aesthetics, making it look incredibly expensive and cozy. Users love the distinct Christmas-themed accessories included alongside the deep magenta/berry-colored candle jar, noting that the cozy sweet throw instantly turns any living space into a festive winter wonderland.  Suitable For: Gifting to loved ones or coworkers during Christmas and Year-End parties, displaying on festive living room coffee tables, and burning near the Christmas tree during holiday gatherings.  Mood: Magical, festive, cozy, warm, nostalgic, celebratory.  Technical Specifications: - Brand: Lumos Candles (specifically labeled as "From Lumos Candles" on the jar). - Material: Scented soy wax blend housed in a translucent deep berry/magenta glass jar with a natural light-colored wooden lid. - Gift Set Contents: A matte black gift box filled with shredded brown kraft paper cushion, the signature scented candle, a bundle wrapped in red-and-white plaid gingham ribbon, dried orange slices, pine cones, and decorative faux red berries.  Best For: A ready-to-gift holiday present, creating a photogenic Christmas display at home, shifting a room atmosphere into holiday mode, and bringing a sweet comforting scent throw to cold winter nights.  Keywords: lumos candles gift box, christmas candle set, you are the magic candle, festive cinnamon scent, sweet apple candle, holiday candle jar, winter gift box, premium christmas gifting, pine cone candle decor, wooden lid candle  Vietnamese Keywords: set quà tặng Giáng sinh, nến thơm cao cấp, quà tặng Noel ý nghĩa, nến thơm Lumos Candles, hộp quà tặng mùa đông, hương thơm ấm cúng, nến thơm tinh dầu, decor Giáng sinh, nến thơm màu đỏ, quà tặng tết cuối năm.
61	FAQ_Candle_knowledge.json		Candle_Knowledge	Question:                     What are top notes in a scented candle?                      Answer:                     Top notes are the first scents perceived when a candle is lit, creating the initial impression of the fragrance.
62	FAQ_Candle_knowledge.json		Candle_Knowledge	Question:                     How long do top notes typically last?                      Answer:                     Top notes usually last about 10 minutes after the candle is lit before fading away.
63	FAQ_Candle_knowledge.json		Candle_Knowledge	Question:                     What are some common examples of top notes?                      Answer:                     Common top notes include citrus scents such as lemon and orange, floral scents like lavender, rose, and iris, and herbal notes.
64	FAQ_Candle_knowledge.json		Candle_Knowledge	Question:                     What are middle notes in a scented candle?                      Answer:                     Middle notes, also called heart notes, form the core character of a candle's fragrance and create the main scent experience.
65	FAQ_Candle_knowledge.json		Candle_Knowledge	Question:                     Why are middle notes considered the soul of a candle?                      Answer:                     Middle notes are considered the soul of a candle because they are the longest-lasting and define the candle's primary fragrance experience.
66	FAQ_Candle_knowledge.json		Candle_Knowledge	Question:                     When do middle notes begin to appear?                      Answer:                     Middle notes appear when the top notes begin to fade, approximately 10 to 20 minutes after lighting the candle.
67	FAQ_Candle_knowledge.json		Candle_Knowledge	Question:                     How long can middle notes remain noticeable?                      Answer:                     Middle notes can remain noticeable from around 10–20 minutes up to approximately 1.5 hours after lighting the candle.
68	FAQ_Candle_knowledge.json		Candle_Knowledge	Question:                     What fragrance families are commonly found in middle notes?                      Answer:                     Floral, spicy, fruity, and green fragrance notes are commonly found in the middle layer.
69	FAQ_Candle_knowledge.json		Candle_Knowledge	Question:                     What are base notes in a scented candle?                      Answer:                     Base notes are deep, rich, long-lasting scents that remain noticeable even after the candle has been extinguished.
70	FAQ_Candle_knowledge.json		Candle_Knowledge	Question:                     How long can base notes last?                      Answer:                     Base notes can last up to 6 hours.
71	FAQ_Candle_knowledge.json		Candle_Knowledge	Question:                     Why are base notes less noticeable than other fragrance layers?                      Answer:                     Base notes usually have a more subtle scent and less airy diffusion, making them noticeable mainly upon close observation.
72	FAQ_Candle_knowledge.json		Candle_Knowledge	Question:                     What are common oriental base notes?                      Answer:                     Amber, musk, and patchouli are common oriental base notes.
73	FAQ_Candle_knowledge.json		Candle_Knowledge	Question:                     What are common woody base notes?                      Answer:                     Sandalwood and cedarwood are common woody base notes.
74	FAQ_Candle_knowledge.json		Candle_Knowledge	Question:                     How can scented candles enhance home decoration?                      Answer:                     Scented candles can enhance home decoration through attractive designs, packaging, and fragrances that reflect personal style.
75	FAQ_Candle_knowledge.json		Candle_Knowledge	Question:                     How do scented candles help express personality?                      Answer:                     The fragrance chosen for a scented candle can communicate the homeowner's style, personality, and emotions to guests.
76	FAQ_Candle_knowledge.json		Candle_Knowledge	Question:                     How can scented candles help reduce stress?                      Answer:                     Pleasant scents can encourage deeper breathing, lower blood pressure, slow heart rate, and create a more relaxed state.
77	FAQ_Candle_knowledge.json		Candle_Knowledge	Question:                     Why is aromatherapy associated with scented candles?                      Answer:                     Aromatherapy uses scents to influence emotions and bodily responses, helping people relax, stay alert, or reduce stress.
78	FAQ_Candle_knowledge.json		Candle_Knowledge	Question:                     Which candle scents may improve concentration?                      Answer:                     Rosemary, mint, coffee, jasmine, lavender, and lemon scents may help improve concentration and mental alertness.
79	FAQ_Candle_knowledge.json		Candle_Knowledge	Question:                     How can scented candles support studying or working?                      Answer:                     Certain scents may stimulate the nervous system, improve cognitive performance, reduce fatigue, and enhance focus.
80	FAQ_Candle_knowledge.json		Candle_Knowledge	Question:                     Can scented candles help remove unpleasant odors?                      Answer:                     Yes. Scented candles made with wax and natural essential oils can help neutralize damp smells, food odors, bathroom odors, and cigarette smoke.
81	FAQ_Candle_knowledge.json		Candle_Knowledge	Question:                     What percentages do the top, middle, and base notes account for in a scented candle?                      Answer:                     Top notes account for 30%, middle notes account for 70%, and base notes account for 20% of the fragrance composition.
82	FAQ_Candle_knowledge.json		Candle_Knowledge	Question:                     What is another name used to describe the middle notes of a candle?                      Answer:                     The middle notes are also commonly referred to as the 'Heart notes'.
83	FAQ_Candle_knowledge.json		Candle_Knowledge	Question:                     What specific terminology is used to describe herbal notes in the top layer?                      Answer:                     Herbal notes in the top layer are referred to as 'Aromatic Fougère'.
84	FAQ_Candle_knowledge.json		Candle_Knowledge	Question:                     What are the characteristics of base notes that allow them to last so long?                      Answer:                     Base notes include deep, rich, and non-volatile notes, which allow them to linger for an extended period.
85	FAQ_Candle_knowledge.json		Candle_Knowledge	Question:                     What examples of Oriental notes can be found in the base layer of a candle?                      Answer:                     Common Oriental base notes include amber, musk, and patchouli.
86	FAQ_Candle_knowledge.json		Candle_Knowledge	Question:                     Aside from Oriental and Woody notes, what is the third family mentioned for base notes?                      Answer:                     The third family mentioned for the base layer is 'gourmand' notes.
87	FAQ_Candle_knowledge.json		Candle_Knowledge	Question:                     How does Dr. Pamela Dalton explain the interaction between human senses and candlelight scents?                      Answer:                     Dr. Pamela Dalton notes that the part of the brain that receives and processes scents is actually very close to the regions that handle human memory and emotions.
88	FAQ_Candle_knowledge.json		Candle_Knowledge	Question:                     According to Sarah Villafranco, why can aromatherapy act as a powerful tool?                      Answer:                     Aromatherapy is powerful because the connection between scent and emotion happens in a flash, which can be used to evoke various bodily responses.
89	FAQ_Candle_knowledge.json		Candle_Knowledge	Question:                     What physical changes occur in our body when we smell a candle fragrance we enjoy?                      Answer:                     When we smell a preferred scent, we tend to breathe deeper and easier, our blood pressure is lowered, and our heart beats at a slower, more relaxed pace.
90	FAQ_Candle_knowledge.json		Candle_Knowledge	Question:                     What unique psychological feeling does a quiet space under candlelight provide to an individual?                      Answer:                     A quiet space under candlelight gives a very comfortable and warm feeling.
91	FAQ_Candle_knowledge.json		Candle_Knowledge	Question:                     How do concentration-stimulating scents physically affect blood circulation?                      Answer:                     Certain concentration-stimulating scents help improve blood circulation specifically to the brain.
92	FAQ_Candle_knowledge.json		Candle_Knowledge	Question:                     What cognitive benefits do scents like rosemary, mint, or coffee offer besides alertness?                      Answer:                     Besides alertness, these scents stimulate the nervous system, fight fatigue, and improve cognitive function as well as memory.
93	FAQ_Candle_knowledge.json		Candle_Knowledge	Question:                     What are the main ingredients responsible for the deodorizing effect of a scented candle?                      Answer:                     The main ingredients are candle wax mixed with natural essential oils, which release a natural fragrance when burned.
94	FAQ_Candle_knowledge.json		Candle_Knowledge	Question:                     What specific types of household odors can be eliminated by burning scented candles?                      Answer:                     Scented candles can help eliminate damp room odors, kitchen food smells, unpleasant bathroom odors, or cigarette smoke.
95	FAQ_Candle_knowledge.json		Candle_Knowledge	Question:                     How can fragrance act as a form of 'decoration' for your living space?                      Answer:                     Fragrance can 'decorate' a space abstractly by expressing the personal style, personality, or emotions of the homeowner to visiting guests.
96	FAQ_Candle_knowledge.json		Candle_Knowledge	Question:                     Why do base notes require close observation to be noticed?                      Answer:                     They require close observation because they do not have the same wide and airy sillage as the top two layers, making their scent subtle.
97	FAQ_Candle_knowledge.json		Candle_Knowledge	Question:                     What happens to the scent experience during the transition phase between 10 to 20 minutes after lighting?                      Answer:                     During this phase, the top notes begin to fade and evaporate quickly, allowing the middle notes (heart notes) to appear.
98	FAQ_Candle_knowledge.json		Candle_Knowledge	Question:                     Can guests understand a homeowner better through their choice of scented candles?                      Answer:                     Yes, depending on the choice of scented candles, guests will gain a better understanding of the homeowner's style, personality, or emotions.
99	FAQ_Candle_knowledge.json		Candle_Knowledge	Question:                     What category of skincare expert is Sarah Villafranco?                      Answer:                     Sarah Villafranco is a natural skincare expert.
100	FAQ_Candle_knowledge.json		Candle_Knowledge	Question:                     Where is the Monell Center, where Dr. Pamela Dalton conducts her research, located?                      Answer:                     The Monell Center for the study of the interaction between human senses and chemicals is located in Philadelphia.
101	FAQ_Discount_program.json		Discount_Program	Question:                     What is the NEWYEAR2025 coupon code?                      Answer:                     NEWYEAR2025 is a percentage discount coupon that offers 15% off eligible orders.
102	FAQ_Discount_program.json		Discount_Program	Question:                     How much discount does NEWYEAR2025 provide?                      Answer:                     NEWYEAR2025 provides a 15% discount.
103	FAQ_Discount_program.json		Discount_Program	Question:                     What is the minimum order value required for NEWYEAR2025?                      Answer:                     The minimum order value required is 200000.
104	FAQ_Discount_program.json		Discount_Program	Question:                     What is the maximum discount amount for NEWYEAR2025?                      Answer:                     The maximum discount amount is 50000.
105	FAQ_Discount_program.json		Discount_Program	Question:                     How many times can a customer use NEWYEAR2025?                      Answer:                     Each customer can use NEWYEAR2025 up to 2 times.
106	FAQ_Discount_program.json		Discount_Program	Question:                     What is the FREESHIP50 coupon code?                      Answer:                     FREESHIP50 is a fixed amount discount coupon worth 50000.
107	FAQ_Discount_program.json		Discount_Program	Question:                     How much discount does FREESHIP50 provide?                      Answer:                     FREESHIP50 provides a fixed discount of 50000.
108	FAQ_Discount_program.json		Discount_Program	Question:                     What minimum purchase is required for FREESHIP50?                      Answer:                     The minimum order value required is 100000.
109	FAQ_Discount_program.json		Discount_Program	Question:                     How many times can a customer use FREESHIP50?                      Answer:                     Each customer can use FREESHIP50 up to 3 times.
110	FAQ_Discount_program.json		Discount_Program	Question:                     What is the status of FREESHIP50?                      Answer:                     FREESHIP50 is currently active.
111	FAQ_Discount_program.json		Discount_Program	Question:                     What discount does WELCOME10 offer?                      Answer:                     WELCOME10 offers a 10% discount.
112	FAQ_Discount_program.json		Discount_Program	Question:                     Can WELCOME10 currently be used?                      Answer:                     No. WELCOME10 is currently disabled.
113	FAQ_Discount_program.json		Discount_Program	Question:                     How many times can a customer use WELCOME10?                      Answer:                     Each customer can use WELCOME10 once.
114	FAQ_Discount_program.json		Discount_Program	Question:                     What discount does VIPMEMBER provide?                      Answer:                     VIPMEMBER provides a fixed discount of 100000.
115	FAQ_Discount_program.json		Discount_Program	Question:                     What minimum order value is required for VIPMEMBER?                      Answer:                     The minimum order value required is 500000.
116	FAQ_Discount_program.json		Discount_Program	Question:                     How many times can a customer use VIPMEMBER?                      Answer:                     Each customer can use VIPMEMBER up to 5 times.
117	FAQ_Discount_program.json		Discount_Program	Question:                     What discount does SUMMERSALE provide?                      Answer:                     SUMMERSALE provides a 20% discount.
118	FAQ_Discount_program.json		Discount_Program	Question:                     What is the maximum discount amount for SUMMERSALE?                      Answer:                     The maximum discount amount is 80000.
119	FAQ_Discount_program.json		Discount_Program	Question:                     Is SUMMERSALE currently available?                      Answer:                     No. SUMMERSALE is currently expired.
120	FAQ_Discount_program.json		Discount_Program	Question:                     What information is usually associated with a coupon?                      Answer:                     A coupon typically includes a code, discount type, discount value, minimum order value, usage limits, validity period, and status.
121	FAQ_Discount_program.json		Discount_Program	Question:                     What is the total usage limit for the NEWYEAR2025 coupon?                      Answer:                     The total usage limit for NEWYEAR2025 is 500 times.
122	FAQ_Discount_program.json		Discount_Program	Question:                     What is the specific validity period for the NEWYEAR2025 coupon?                      Answer:                     The NEWYEAR2025 coupon is valid from 2025-12-20 00:00:00 until 2026-01-05 00:00:00.
123	FAQ_Discount_program.json		Discount_Program	Question:                     What is the total usage limit allowed for the FREESHIP50 coupon?                      Answer:                     The total usage limit allowed for FREESHIP50 is 1000 times.
124	FAQ_Discount_program.json		Discount_Program	Question:                     What are the start and end dates for the FREESHIP50 coupon validity?                      Answer:                     The FREESHIP50 coupon is valid from 2025-11-01 00:00:00 to 2025-12-31 00:00:00.
125	FAQ_Discount_program.json		Discount_Program	Question:                     What is the total usage limit configured for the WELCOME10 coupon?                      Answer:                     The total usage limit configured for WELCOME10 is 10000 times.
126	FAQ_Discount_program.json		Discount_Program	Question:                     What is the exact validity duration of the WELCOME10 coupon?                      Answer:                     The WELCOME10 coupon is valid from 2025-01-01 00:00:00 until 2025-12-31 00:00:00.
127	FAQ_Discount_program.json		Discount_Program	Question:                     Is there a minimum order value required to use the WELCOME10 coupon?                      Answer:                     The minimum order value required for WELCOME10 is 0.0, meaning there is no minimum purchase required.
128	FAQ_Discount_program.json		Discount_Program	Question:                     What is the total usage limit for the VIPMEMBER coupon?                      Answer:                     The total usage limit for VIPMEMBER is 100 times.
129	FAQ_Discount_program.json		Discount_Program	Question:                     What is the validity period for the VIPMEMBER coupon?                      Answer:                     The VIPMEMBER coupon is valid from 2025-05-01 00:00:00 to 2026-05-01 00:00:00.
130	FAQ_Discount_program.json		Discount_Program	Question:                     What is the current status of the VIPMEMBER coupon in the dataset?                      Answer:                     The current status of the VIPMEMBER coupon is active.
131	FAQ_Discount_program.json		Discount_Program	Question:                     What discount type is assigned to the VIPMEMBER coupon?                      Answer:                     The VIPMEMBER coupon is assigned a fixed amount discount type.
132	FAQ_Discount_program.json		Discount_Program	Question:                     What is the total usage limit for the SUMMERSALE coupon?                      Answer:                     The total usage limit for SUMMERSALE is 2000 times.
133	FAQ_Discount_program.json		Discount_Program	Question:                     What is the validity period of the SUMMERSALE coupon?                      Answer:                     The SUMMERSALE coupon is valid from 2025-06-01 00:00:00 to 2025-08-31 00:00:00.
134	FAQ_Discount_program.json		Discount_Program	Question:                     What minimum order value must be met to apply the SUMMERSALE coupon?                      Answer:                     A minimum order value of 300000.0 must be met to apply the SUMMERSALE coupon.
135	FAQ_Discount_program.json		Discount_Program	Question:                     What is the per-user usage limit for the SUMMERSALE coupon?                      Answer:                     The per-user usage limit for SUMMERSALE is 2 times per customer.
136	FAQ_Discount_program.json		Discount_Program	Question:                     Which coupons in the dataset provide a fixed amount discount rather than a percentage discount?                      Answer:                     The coupons that provide a fixed amount discount are FREESHIP50 and VIPMEMBER.
137	FAQ_Discount_program.json		Discount_Program	Question:                     Which coupons currently hold an 'active' status in the system?                      Answer:                     The coupons with an 'active' status are NEWYEAR2025, FREESHIP50, and VIPMEMBER.
138	FAQ_Discount_program.json		Discount_Program	Question:                     What are the unique coupon IDs for NEWYEAR2025 and SUMMERSALE?                      Answer:                     The unique coupon ID for NEWYEAR2025 is 1, and for SUMMERSALE it is 5.
139	FAQ_Discount_program.json		Discount_Program	Question:                     Which coupon has the highest total usage limit in the dataset?                      Answer:                     The WELCOME10 coupon has the highest total usage limit of 10000.
140	FAQ_Discount_program.json		Discount_Program	Question:                     Which coupon has the lowest total usage limit in the dataset?                      Answer:                     The VIPMEMBER coupon has the lowest total usage limit of 100.
141	FAQ_Policies.json		Policies	Question:                     Does nenthom.com.vn ship nationwide in Vietnam?                      Answer:                     Yes. Nenthom.com.vn ships to almost every region in Vietnam.
142	FAQ_Policies.json		Policies	Question:                     Which delivery partners does nenthom.com.vn work with?                      Answer:                     Nenthom.com.vn works with Giao Hang Tiet Kiem, Giao Hang Nhanh, Viettel Post, and AhaMove.
143	FAQ_Policies.json		Policies	Question:                     How are shipping fees calculated?                      Answer:                     Shipping fees are displayed on the payment page and are calculated for each order.
144	FAQ_Policies.json		Policies	Question:                     Does nenthom.com.vn offer free shipping promotions?                      Answer:                     Yes. Depending on products and promotions, free shipping programs or discount codes may be available.
145	FAQ_Policies.json		Policies	Question:                     How long does delivery take within Hanoi or Ho Chi Minh City?                      Answer:                     Orders are usually delivered within 2–4 hours and no later than 24 hours after ordering.
146	FAQ_Policies.json		Policies	Question:                     How long does delivery take to other areas in Vietnam?                      Answer:                     Delivery usually takes 1–2 days and may take up to 3 days.
147	FAQ_Policies.json		Policies	Question:                     What should I do if I have not received my order after 3 days?                      Answer:                     You should contact nenthom.com.vn for support if you have not received a delivery call after 3 days.
148	FAQ_Policies.json		Policies	Question:                     What payment methods are supported by nenthom.com.vn?                      Answer:                     Supported payment methods include COD, MoMo, Zalo Pay, and bank transfer via Internet banking.
149	FAQ_Policies.json		Policies	Question:                     Can I pay by cash on delivery?                      Answer:                     Yes. Cash on delivery (COD) is available nationwide.
150	FAQ_Policies.json		Policies	Question:                     Does nenthom.com.vn accept MoMo payments?                      Answer:                     Yes. Customers can pay using the MoMo e-wallet.
151	FAQ_Policies.json		Policies	Question:                     Does nenthom.com.vn accept Zalo Pay payments?                      Answer:                     Yes. Customers can pay using the Zalo Pay e-wallet.
152	FAQ_Policies.json		Policies	Question:                     How many days do I have to return a product?                      Answer:                     Customers can exchange or return products within 7 days from the purchase date.
153	FAQ_Policies.json		Policies	Question:                     What condition must a product meet to be eligible for return?                      Answer:                     The product must remain intact, show no signs of heavy use or damage, and include all parts.
154	FAQ_Policies.json		Policies	Question:                     Do I need to provide invoices and accessories when returning a product?                      Answer:                     Yes. Customers must provide accompanying documents, accessories, and gifts if applicable.
155	FAQ_Policies.json		Policies	Question:                     Who pays for return shipping costs?                      Answer:                     The customer is responsible for the cost of returning the product.
156	FAQ_Policies.json		Policies	Question:                     What is the first step in the return process?                      Answer:                     The first step is to notify nenthom.com.vn through the Fanpage or hotline.
157	FAQ_Policies.json		Policies	Question:                     What customer information does nenthom.com.vn collect?                      Answer:                     The website may collect first name, last name, email address, phone number, country, province, and address.
158	FAQ_Policies.json		Policies	Question:                     Does nenthom.com.vn sell customer information to third parties?                      Answer:                     No. Nenthom.com.vn commits not to trade or exchange customer confidential information with third parties.
159	FAQ_Policies.json		Policies	Question:                     Can customer information be shared in special cases?                      Answer:                     Yes. Information may be shared with customer consent, to comply with Vietnamese law, or to protect legitimate interests.
160	FAQ_Policies.json		Policies	Question:                     How can customers update or access their personal information?                      Answer:                     Customers can access the website themselves or contact nenthom.com.vn via email or published contact channels.
161	FAQ_Policies.json		Policies	Question:                     What is the specific target year for the operations team to achieve 99% on-time delivery?                      Answer:                     The operations team at nenthom.com.vn is aiming to achieve the goal of 99% on-time delivery in the year 2026.
162	FAQ_Policies.json		Policies	Question:                     Where should customers check to find current free shipping programs or discount codes?                      Answer:                     Customers can refer to the promotion program section on the website or register to follow the Facebook Fanpage of nenthom.com.vn.
163	FAQ_Policies.json		Policies	Question:                     Under what circumstances will nenthom.com.vn's customer service call a customer regarding a delivery delay within Hanoi or Ho Chi Minh City?                      Answer:                     They will call to notify the customer if the order involves pre-orders or if there is insufficient inventory.
164	FAQ_Policies.json		Policies	Question:                     What recommendation does the website give for customers ordering gifts for holidays?                      Answer:                     Customers are advised to order 1–3 days earlier to avoid overload during holidays.
165	FAQ_Policies.json		Policies	Question:                     Who will contact the customer to complete a transaction if they choose bank transfer via Internet banking?                      Answer:                     The Admin will contact the customer to provide the necessary details for the bank transfer.
166	FAQ_Policies.json		Policies	Question:                     What specific paperwork or marketing materials must be included when returning a product?                      Answer:                     The return package must include complete accompanying documents such as the purchase invoice, catalog, etc.
167	FAQ_Policies.json		Policies	Question:                     What is the exact return shipping address for nenthom.com.vn?                      Answer:                     The package should be sent to: 303B Vu Huu, Thanh Xuan Bac Ward, Thanh Xuan District, Hanoi.
168	FAQ_Policies.json		Policies	Question:                     What action does nenthom.com.vn take immediately after receiving a customer's returned goods?                      Answer:                     Immediately after receiving the returned goods, nenthom.com.vn will send the customer a new order.
169	FAQ_Policies.json		Policies	Question:                     What is the primary stated purpose of issuing the information security policies on nenthom.com.vn?                      Answer:                     The policy is issued to ensure website security and information security for consumers when logging into the website.
170	FAQ_Policies.json		Policies	Question:                     Which third-party organization is explicitly named in the text as an organizer of promotions and discounts?                      Answer:                     The text mentions 'Top Quà Tặng' as the organizer that helps customers update promotions and discounts as soon as possible.
171	FAQ_Policies.json		Policies	Question:                     How does the privacy policy help customers with their complaints or comments?                      Answer:                     Collecting information helps nenthom.com.vn support customers with their complaints and comments as quickly as possible.
172	FAQ_Policies.json		Policies	Question:                     Under what condition can customer information be legally disclosed to protect the interests of the company and its partners?                      Answer:                     It can be disclosed only when the company is sure that such information can protect the interests and assets of the company and related partners, in accordance with Vietnamese law.
173	FAQ_Policies.json		Policies	Question:                     What right does a customer have if their information is requested to be shared for promotions sponsored by a third party?                      Answer:                     The customer will be notified beforehand and has the right to decide whether to agree to share their information or participate.
174	FAQ_Policies.json		Policies	Question:                     How long will personal information be stored on nenthom.com.vn's internal systems by default?                      Answer:                     It will be stored during the process of providing services to customers, until the purpose of collection is completed, or when customers request to cancel it.
175	FAQ_Policies.json		Policies	Question:                     What absolute commitment does nenthom.com.vn make regarding the commercial use of customer information?                      Answer:                     The website commits to absolutely not exchanging, selling, or trading customer confidential information for commercial purposes.
176	FAQ_Policies.json		Policies	Question:                     To what email address can customers send questions or feedback regarding the Privacy Policy?                      Answer:                     Questions and feedback can be sent to the email address: nenthom.com.vn.
177	FAQ_Policies.json		Policies	Question:                     Does the website require both the first name and last name for information collection?                      Answer:                     Yes, both first name and last name are listed as separate items within the scope of information collection.
178	FAQ_Policies.json		Policies	Question:                     What is the expected delivery timeframe if a customer is located outside Hanoi and Ho Chi Minh City?                      Answer:                     The average delivery time for other areas is 1–3 days (usually 1–2 days).
179	FAQ_Policies.json		Policies	Question:                     Who is responsible for protecting the customer's rights during payment transactions on the website?                      Answer:                     Nenthom.com.vn is responsible for and protects the customer's rights when making payment transactions.
180	FAQ_Policies.json		Policies	Question:                     What emotional goal does nenthom.com.vn aim for regarding customer confidence in their security policy?                      Answer:                     They aim to make customers feel confident and satisfied about the security of personal information when participating and using the company's services.
181	FAQ_Product_Catalog.json		Product_Catalog	Question:                     What category does 3 Day WKND belong to?                      Answer:                     3 Day WKND belongs to the Scented Candle category.
182	FAQ_Product_Catalog.json		Product_Catalog	Question:                     What are the main scents of 3 Day WKND?                      Answer:                     - Green Apple - Cucumber - Waterlily
183	FAQ_Product_Catalog.json		Product_Catalog	Question:                     What season is 3 Day WKND suitable for?                      Answer:                     - Spring - Summer - Any Season
184	FAQ_Product_Catalog.json		Product_Catalog	Question:                     What fragrance family is 3 Day WKND in?                      Answer:                     Fruity
185	FAQ_Product_Catalog.json		Product_Catalog	Question:                     What mood does 3 Day WKND create?                      Answer:                     - Refreshing - Carefree - Relaxing - Cheerful - Light-hearted - Weekend getaway vibes - Clean and rejuvenating
186	FAQ_Product_Catalog.json		Product_Catalog	Question:                     Where is 3 Day WKND best used?                      Answer:                     - Living room - Bedroom - Home office - Apartment spaces - Weekend relaxation - Family gatherings - Spring and summer home fragrance
187	FAQ_Product_Catalog.json		Product_Catalog	Question:                     What category does Amber And Vanilla belong to?                      Answer:                     Amber And Vanilla belongs to the Candle category.
188	FAQ_Product_Catalog.json		Product_Catalog	Question:                     What are the main scents of Amber And Vanilla?                      Answer:                     - Amber - Vanilla - Soft Musk
189	FAQ_Product_Catalog.json		Product_Catalog	Question:                     What season is Amber And Vanilla suitable for?                      Answer:                     - Autumn - Winter - Any Season
190	FAQ_Product_Catalog.json		Product_Catalog	Question:                     What fragrance family is Amber And Vanilla in?                      Answer:                     Amber, Gourmand, Warm Sweet
191	FAQ_Product_Catalog.json		Product_Catalog	Question:                     What mood does Amber And Vanilla create?                      Answer:                     - Cozy - Relaxing - Romantic - Comforting - Peaceful - Inviting - Warm
192	FAQ_Product_Catalog.json		Product_Catalog	Question:                     Where is Amber And Vanilla best used?                      Answer:                     - Living Room - Bedroom - Reading Corner - Home Office - Relaxation Spaces - Holiday Gatherings - Self-care Routines
193	FAQ_Product_Catalog.json		Product_Catalog	Question:                     What category does BLOW A WISH belong to?                      Answer:                     BLOW A WISH belongs to the Scented Candle category.
194	FAQ_Product_Catalog.json		Product_Catalog	Question:                     What are the main scents of BLOW A WISH?                      Answer:                     - Vanilla - Amber - Soft Musk
195	FAQ_Product_Catalog.json		Product_Catalog	Question:                     What season is BLOW A WISH suitable for?                      Answer:                     - Autumn - Winter - Any Season
196	FAQ_Product_Catalog.json		Product_Catalog	Question:                     What fragrance family is BLOW A WISH in?                      Answer:                     Warm, Amber, Sweet
197	FAQ_Product_Catalog.json		Product_Catalog	Question:                     What mood does BLOW A WISH create?                      Answer:                     - Cozy - Peaceful - Elegant - Relaxing - Celebratory - Romantic
198	FAQ_Product_Catalog.json		Product_Catalog	Question:                     Where is BLOW A WISH best used?                      Answer:                     - Bedroom - Living Room - Reading Corner - Meditation Space - Gift Occasions - Birthday Celebrations
199	FAQ_Product_Catalog.json		Product_Catalog	Question:                     What category does Candle Scissor belong to?                      Answer:                     Candle Scissor belongs to the Candle Care Tool / Candle Accessory category.
200	FAQ_Product_Catalog.json		Product_Catalog	Question:                     What are the main scents of Candle Scissor?                      Answer:                     Unscented (Premium heavy-duty plated steel construction).
201	FAQ_Product_Catalog.json		Product_Catalog	Question:                     What season is Candle Scissor suitable for?                      Answer:                     Year-round (An absolute daily essential for anyone burning soy, vegetable, or paraffin wax candles safely and cleanly).
202	FAQ_Product_Catalog.json		Product_Catalog	Question:                     What fragrance family is Candle Scissor in?                      Answer:                     Non-fragrance / Functional Candle Maintenance Tools
203	FAQ_Product_Catalog.json		Product_Catalog	Question:                     What mood does Candle Scissor create?                      Answer:                     Professional, methodical, clean, safety-oriented, sophisticated.
204	FAQ_Product_Catalog.json		Product_Catalog	Question:                     Where is Candle Scissor best used?                      Answer:                     Trimming cotton, braided, or paper wicks deep inside tall glass jars, ceramic vessels, or tapered candle pillars before every burn cycle.
205	FAQ_Product_Catalog.json		Product_Catalog	Question:                     What category does Candle Snuffer belong to?                      Answer:                     Candle Snuffer belongs to the Candle Care Tool / Candle Accessory category.
206	FAQ_Product_Catalog.json		Product_Catalog	Question:                     What are the main scents of Candle Snuffer?                      Answer:                     Unscented (Premium plated alloy construction).
207	FAQ_Product_Catalog.json		Product_Catalog	Question:                     What season is Candle Snuffer suitable for?                      Answer:                     Year-round (An essential tool for anyone wanting to extinguish flames safely without blowing wax or smoke around the room).
208	FAQ_Product_Catalog.json		Product_Catalog	Question:                     What fragrance family is Candle Snuffer in?                      Answer:                     Non-fragrance / Functional Candle Maintenance Tools
209	FAQ_Product_Catalog.json		Product_Catalog	Question:                     What mood does Candle Snuffer create?                      Answer:                     Ritualistic, methodical, safe, traditional, protective.
210	FAQ_Product_Catalog.json		Product_Catalog	Question:                     Where is Candle Snuffer best used?                      Answer:                     Extinguishing multi-wick soy candles, tall jar candles, deep votive cups, tapered dining table candles, and hard-to-reach outdoor lantern wicks.
211	FAQ_Product_Catalog.json		Product_Catalog	Question:                     What category does Candle Tray belong to?                      Answer:                     Candle Tray belongs to the Candle Accessory / Organizer Tray / Decorative Plate category.
212	FAQ_Product_Catalog.json		Product_Catalog	Question:                     What are the main scents of Candle Tray?                      Answer:                     Unscented (Premium electroplated stainless steel construction).
213	FAQ_Product_Catalog.json		Product_Catalog	Question:                     What season is Candle Tray suitable for?                      Answer:                     Year-round (A sleek, versatile organizer essential for protecting surfaces from candle heat and catching any accidental wax drips).
214	FAQ_Product_Catalog.json		Product_Catalog	Question:                     What fragrance family is Candle Tray in?                      Answer:                     Non-fragrance / Functional Candle Care Display
215	FAQ_Product_Catalog.json		Product_Catalog	Question:                     What mood does Candle Tray create?                      Answer:                     Minimalist, neat, organized, sophisticated, polished.
216	FAQ_Product_Catalog.json		Product_Catalog	Question:                     Where is Candle Tray best used?                      Answer:                     Arranging candle care tool sets, grouping multi-size jar candles together, organizing perfume bottles on bedroom vanities, and displaying guest towels or jewelry on bathroom counters.
217	FAQ_Product_Catalog.json		Product_Catalog	Question:                     What category does Candle holder belong to?                      Answer:                     Candle holder belongs to the Decorative Candle category.
218	FAQ_Product_Catalog.json		Product_Catalog	Question:                     What are the main scents of Candle holder?                      Answer:                     - Unspecified - Decorative Product
219	FAQ_Product_Catalog.json		Product_Catalog	Question:                     What season is Candle holder suitable for?                      Answer:                     Any Season
220	FAQ_Product_Catalog.json		Product_Catalog	Question:                     What fragrance family is Candle holder in?                      Answer:                     Decorative / Unscented
221	FAQ_Product_Catalog.json		Product_Catalog	Question:                     What mood does Candle holder create?                      Answer:                     - Cute - Cozy - Peaceful - Playful - Whimsical - Heartwarming
222	FAQ_Product_Catalog.json		Product_Catalog	Question:                     Where is Candle holder best used?                      Answer:                     - Bedroom Decor - Desk Decoration - Living Room Display - Gift Giving - Nursery Decoration - Photography Props
223	FAQ_Product_Catalog.json		Product_Catalog	Question:                     What category does Candle matchbox belong to?                      Answer:                     Candle matchbox belongs to the Candle Accessory / Luxury Safety Matches category.
224	FAQ_Product_Catalog.json		Product_Catalog	Question:                     What are the main scents of Candle matchbox?                      Answer:                     Unscented (Natural Aspen Wood / Sulfur-Free Tip).
225	FAQ_Product_Catalog.json		Product_Catalog	Question:                     What season is Candle matchbox suitable for?                      Answer:                     ear-round (An absolute daily essential for candle lovers, fireplace lighting, and cozy evening wind-downs).
226	FAQ_Product_Catalog.json		Product_Catalog	Question:                     What fragrance family is Candle matchbox in?                      Answer:                     Non-fragrance / Utility Candle Care
227	FAQ_Product_Catalog.json		Product_Catalog	Question:                     What mood does Candle matchbox create?                      Answer:                     Minimalist, sophisticated, comforting, intentional, therapeutic, clean.
228	FAQ_Product_Catalog.json		Product_Catalog	Question:                     Where is Candle matchbox best used?                      Answer:                     Bedside candle vanities, living room display trays, cozy fireplace mantels, high-end bath counters, and professional product photography setups.
229	FAQ_Product_Catalog.json		Product_Catalog	Question:                     What category does Candle metal tray belong to?                      Answer:                     Candle metal tray belongs to the Home Decor / Vanity Display Tray / Candle & Perfume Organizer category.
230	FAQ_Product_Catalog.json		Product_Catalog	Question:                     What are the main scents of Candle metal tray?                      Answer:                     Unscented (Premium Finished Metal and Glass construction).
231	FAQ_Product_Catalog.json		Product_Catalog	Question:                     What season is Candle metal tray suitable for?                      Answer:                     Year-round (An elegant classic for updating bedroom vanities, dressing areas, or organizing luxury living room displays).
232	FAQ_Product_Catalog.json		Product_Catalog	Question:                     What fragrance family is Candle metal tray in?                      Answer:                     Non-fragrance / Utility Home Organization
233	FAQ_Product_Catalog.json		Product_Catalog	Question:                     What mood does Candle metal tray create?                      Answer:                     Glamorous, luxurious, neat, elegant, royal, artistic.
234	FAQ_Product_Catalog.json		Product_Catalog	Question:                     Where is Candle metal tray best used?                      Answer:                     Dressing tables for organizing skincare and jewelry, bathroom counters for hand soaps and amber dropper jars, and coffee tables as a decorative base for reed diffusers and candles.
235	FAQ_Product_Catalog.json		Product_Catalog	Question:                     What category does Candle pinwheel belong to?                      Answer:                     Candle pinwheel belongs to the Home Decor / Candle Carousel / Luxury Scented Candle Accessory category.
236	FAQ_Product_Catalog.json		Product_Catalog	Question:                     What season is Candle pinwheel suitable for?                      Answer:                     Autumn / Winter Holiday Season (Perfect for cozy Christmas nights, winter celebrations, and elegant year-end gatherings).
237	FAQ_Product_Catalog.json		Product_Catalog	Question:                     What fragrance family is Candle pinwheel in?                      Answer:                     Woody / Warm & Spicy Citrus Holiday
238	FAQ_Product_Catalog.json		Product_Catalog	Question:                     What mood does Candle pinwheel create?                      Answer:                     Dreamy, magical, mesmerizing, luxurious, warm, festive.
239	FAQ_Product_Catalog.json		Product_Catalog	Question:                     Where is Candle pinwheel best used?                      Answer:                     Holiday dinner table centerpieces, cozy living room mantels, festive bedside tables, and luxury winter gift sets for loved ones or corporate clients.
240	FAQ_Product_Catalog.json		Product_Catalog	Question:                     What category does Candle rotation tray belong to?                      Answer:                     Candle rotation tray belongs to the Candle Holder / Rotary Carousel / Decorative Home Accessory category.
241	FAQ_Product_Catalog.json		Product_Catalog	Question:                     What are the main scents of Candle rotation tray?                      Answer:                     Unscented (Premium Finished Metal construction engineered to accommodate standard unscented tealights or small scented votive cups).
242	FAQ_Product_Catalog.json		Product_Catalog	Question:                     What season is Candle rotation tray suitable for?                      Answer:                     Year-round / Winter Holidays (A brilliant interactive piece that brings a magical ambience to dark winter nights, autumn table setups, or intimate dynamic dinner parties).
243	FAQ_Product_Catalog.json		Product_Catalog	Question:                     What fragrance family is Candle rotation tray in?                      Answer:                     Non-fragrance / Utility Candle Care
244	FAQ_Product_Catalog.json		Product_Catalog	Question:                     What mood does Candle rotation tray create?                      Answer:                     Whimsical, enchanting, dynamic, calming, cozy, artistic.
245	FAQ_Product_Catalog.json		Product_Catalog	Question:                     Where is Candle rotation tray best used?                      Answer:                     Cozy dining table layouts, meditative bedroom nightstands, ambient bathroom vanities, and distinctive mantelpiece displays during holiday seasons.
246	FAQ_Product_Catalog.json		Product_Catalog	Question:                     What category does Coconut And Sea Salt belong to?                      Answer:                     Coconut And Sea Salt belongs to the Scented Candle category.
247	FAQ_Product_Catalog.json		Product_Catalog	Question:                     What are the main scents of Coconut And Sea Salt?                      Answer:                     - Coconut - Sea Salt - Ocean Breeze
248	FAQ_Product_Catalog.json		Product_Catalog	Question:                     What season is Coconut And Sea Salt suitable for?                      Answer:                     - Spring - Summer - Any Season
249	FAQ_Product_Catalog.json		Product_Catalog	Question:                     What fragrance family is Coconut And Sea Salt in?                      Answer:                     Fresh, Aquatic, Tropical
250	FAQ_Product_Catalog.json		Product_Catalog	Question:                     What mood does Coconut And Sea Salt create?                      Answer:                     - Relaxing - Refreshing - Tropical - Calm - Airy - Vacation-like - Coastal
251	FAQ_Product_Catalog.json		Product_Catalog	Question:                     Where is Coconut And Sea Salt best used?                      Answer:                     - Living Room - Bathroom - Bedroom - Beach House - Home Office - Summer Gatherings
252	FAQ_Product_Catalog.json		Product_Catalog	Question:                     What category does Dalat Gift belong to?                      Answer:                     Dalat Gift belongs to the Scented Candle & Travel Perfume Gift Set / Essential Oil Keepsake category.
253	FAQ_Product_Catalog.json		Product_Catalog	Question:                     What are the main scents of Dalat Gift?                      Answer:                     Pine Wood, Fresh Moss, Lemon Peel, Warm Amber, Cedarwood, and Crisp Mountain Tea.
254	FAQ_Product_Catalog.json		Product_Catalog	Question:                     What season is Dalat Gift suitable for?                      Answer:                     Autumn / Winter / Rainy Season (Captures the nostalgic, misty, and chilling weather of the high-altitude city of Da Lat).
255	FAQ_Product_Catalog.json		Product_Catalog	Question:                     What fragrance family is Dalat Gift in?                      Answer:                     Earthy Woody / Fresh Aromatic Botanical
256	FAQ_Product_Catalog.json		Product_Catalog	Question:                     What mood does Dalat Gift create?                      Answer:                     Nostalgic, peaceful, misty, grounding, refreshing, cozy.
257	FAQ_Product_Catalog.json		Product_Catalog	Question:                     Where is Dalat Gift best used?                      Answer:                     Birthday gifts, therapeutic self-care treats, calming home workspace enhancers, or thoughtful souvenirs for travelers who adore atmospheric highland cities.
258	FAQ_Product_Catalog.json		Product_Catalog	Question:                     What category does Day Party belong to?                      Answer:                     Day Party belongs to the Scented Candle category.
259	FAQ_Product_Catalog.json		Product_Catalog	Question:                     What are the main scents of Day Party?                      Answer:                     Lemon, Orange, Apple Pie, Strawberry, Rose, Peach Juice, Flowers, Sugar.
260	FAQ_Product_Catalog.json		Product_Catalog	Question:                     What season is Day Party suitable for?                      Answer:                     Summer / Spring
261	FAQ_Product_Catalog.json		Product_Catalog	Question:                     What fragrance family is Day Party in?                      Answer:                     Fruity / Sweet
262	FAQ_Product_Catalog.json		Product_Catalog	Question:                     What mood does Day Party create?                      Answer:                     Fun, energetic, cheerful, summer-inspired.
263	FAQ_Product_Catalog.json		Product_Catalog	Question:                     Where is Day Party best used?                      Answer:                     Daytime use, social gatherings, pool parties, kitchen or living room freshening, and gifting for bright, energetic personalities.
264	FAQ_Product_Catalog.json		Product_Catalog	Question:                     What category does Jasmin ylang ylang sandalwood belong to?                      Answer:                     Jasmin ylang ylang sandalwood belongs to the Scented Candle category.
265	FAQ_Product_Catalog.json		Product_Catalog	Question:                     What are the main scents of Jasmin ylang ylang sandalwood?                      Answer:                     - Jasmin (Jasmine) - Ylang-Ylang - Sandalwood
266	FAQ_Product_Catalog.json		Product_Catalog	Question:                     What season is Jasmin ylang ylang sandalwood suitable for?                      Answer:                     Autumn / Winter (but suitable for year-round relaxation)
267	FAQ_Product_Catalog.json		Product_Catalog	Question:                     What fragrance family is Jasmin ylang ylang sandalwood in?                      Answer:                     Floral / Woody / Oriental
268	FAQ_Product_Catalog.json		Product_Catalog	Question:                     What mood does Jasmin ylang ylang sandalwood create?                      Answer:                     Calm, relaxing, sensual, meditative, luxurious, grounding.
269	FAQ_Product_Catalog.json		Product_Catalog	Question:                     Where is Jasmin ylang ylang sandalwood best used?                      Answer:                     Evening relaxation, meditation, yoga sessions, bedroom ambiance, spa treatments, romantic settings, and winding down after a long day.
270	FAQ_Product_Catalog.json		Product_Catalog	Question:                     What category does Lavander Vanilia belong to?                      Answer:                     Lavander Vanilia belongs to the Scented Candle category.
271	FAQ_Product_Catalog.json		Product_Catalog	Question:                     What are the main scents of Lavander Vanilia?                      Answer:                     Lavender, Vanilla, Tonka Bean, Soft Musk.
272	FAQ_Product_Catalog.json		Product_Catalog	Question:                     What season is Lavander Vanilia suitable for?                      Answer:                     Year-round / Autumn (với thiết kế nắp chủ đề tạ ơn/thu hoạch)
273	FAQ_Product_Catalog.json		Product_Catalog	Question:                     What fragrance family is Lavander Vanilia in?                      Answer:                     Floral / Gourmand / Sweet
274	FAQ_Product_Catalog.json		Product_Catalog	Question:                     What mood does Lavander Vanilia create?                      Answer:                     Calming, cozy, comforting, peaceful, relaxing, warm.
275	FAQ_Product_Catalog.json		Product_Catalog	Question:                     Where is Lavander Vanilia best used?                      Answer:                     Bedrooms, bathrooms (for a relaxing bath), evening wind-down routines, reading spaces, and gifting during the fall or Thanksgiving season due to the festive lid design.
276	FAQ_Product_Catalog.json		Product_Catalog	Question:                     What category does Lumos And Cucumber belong to?                      Answer:                     Lumos And Cucumber belongs to the Reed Diffuser (Tinh dầu tán hương cắm que) category.
277	FAQ_Product_Catalog.json		Product_Catalog	Question:                     What are the main scents of Lumos And Cucumber?                      Answer:                     Bạch đàn (Eucalyptus), Bạc hà (Peppermint), Hoa nhài (Jasmine), Trà trắng (White Tea), Gỗ tuyết tùng (Cedarwood). (Dòng sản phẩm khuếch tán cơ bản của Lumos thường tập trung vào các nhóm hương tươi mát, thảo mộc hoặc hoa cỏ thư giãn).
278	FAQ_Product_Catalog.json		Product_Catalog	Question:                     What season is Lumos And Cucumber suitable for?                      Answer:                     Year-round (Quanh năm)
279	FAQ_Product_Catalog.json		Product_Catalog	Question:                     What fragrance family is Lumos And Cucumber in?                      Answer:                     Fresh / Herbal / Floral
280	FAQ_Product_Catalog.json		Product_Catalog	Question:                     What mood does Lumos And Cucumber create?                      Answer:                     Fresh, relaxing, clean, welcoming, elegant, serene.
281	FAQ_User_guidance.json		User_Guidance	Question:                     Why should scented candles be kept away from flammable materials?                      Answer:                     Scented candles should be kept away from flammable materials to reduce the risk of fire.
282	FAQ_User_guidance.json		User_Guidance	Question:                     What types of materials should be kept away from burning candles?                      Answer:                     Clothes, curtains, books, paper, carpets, plastic, and other flammable materials should be kept away from burning candles.
283	FAQ_User_guidance.json		User_Guidance	Question:                     What kind of surface should be used when burning a scented candle?                      Answer:                     Candles should be placed on a flat, stable, and heat-resistant surface.
284	FAQ_User_guidance.json		User_Guidance	Question:                     Why is a stable surface important when burning candles?                      Answer:                     A stable surface helps prevent candles from tipping over and causing accidents.
285	FAQ_User_guidance.json		User_Guidance	Question:                     Should scented candles be placed in drafty areas?                      Answer:                     No. Drafty areas can cause flames to burn too intensely or spread fire to nearby objects.
286	FAQ_User_guidance.json		User_Guidance	Question:                     Is it safe to burn candles in a small enclosed room?                      Answer:                     No. Candles should not be burned in enclosed spaces or small narrow rooms.
287	FAQ_User_guidance.json		User_Guidance	Question:                     Should candles always remain within sight while burning?                      Answer:                     Yes. Burning candles should always remain within your sight.
288	FAQ_User_guidance.json		User_Guidance	Question:                     What should you do before leaving a room with a burning candle?                      Answer:                     You should extinguish the candle before leaving the room.
289	FAQ_User_guidance.json		User_Guidance	Question:                     Should candles be extinguished before going to sleep?                      Answer:                     Yes. Candles should always be extinguished before going to sleep.
290	FAQ_User_guidance.json		User_Guidance	Question:                     Why should candles be kept away from children?                      Answer:                     Keeping candles away from children helps prevent burns, accidents, and fire hazards.
291	FAQ_User_guidance.json		User_Guidance	Question:                     Why should candles be kept away from pets?                      Answer:                     Keeping candles away from pets helps prevent accidental tipping, burns, and fire risks.
292	FAQ_User_guidance.json		User_Guidance	Question:                     What is a safer alternative to burning candles directly?                      Answer:                     A candle warmer can be used as a safer alternative to reduce fire and explosion risks.
293	FAQ_User_guidance.json		User_Guidance	Question:                     How often should the candle wick be trimmed?                      Answer:                     The wick should be trimmed after each use.
294	FAQ_User_guidance.json		User_Guidance	Question:                     How much of the wick should be trimmed after each use?                      Answer:                     The wick should be trimmed by approximately 3 millimeters.
295	FAQ_User_guidance.json		User_Guidance	Question:                     Why should the wick be trimmed regularly?                      Answer:                     Regular trimming helps control the flame and promotes a cleaner, brighter burn.
296	FAQ_User_guidance.json		User_Guidance	Question:                     Can trimming the wick help reduce black smoke?                      Answer:                     Yes. Trimming the wick helps prevent black smoke and soot formation.
297	FAQ_User_guidance.json		User_Guidance	Question:                     What tool should be used to light a scented candle safely?                      Answer:                     A long-handled lighter or long matches should be used.
298	FAQ_User_guidance.json		User_Guidance	Question:                     Why is a long-handled lighter recommended?                      Answer:                     It helps prevent burns to your hands when lighting candles.
299	FAQ_User_guidance.json		User_Guidance	Question:                     What is one of the main goals of candle safety practices?                      Answer:                     The goal is to enjoy candles safely while reducing fire and accident risks.
300	FAQ_User_guidance.json		User_Guidance	Question:                     How can users enjoy scented candles safely?                      Answer:                     By following proper placement, supervision, wick maintenance, and lighting practices.
301	FAQ_User_guidance.json		User_Guidance	Question:                     What title is given to the first safety category mentioned in the guidance?                      Answer:                     The first safety category is titled 'Placement when burning candles'.
302	FAQ_User_guidance.json		User_Guidance	Question:                     Besides preventing a candle from tipping over, what specific property must the flat surface have?                      Answer:                     The flat and stable surface must be able to withstand heat.
303	FAQ_User_guidance.json		User_Guidance	Question:                     What specific accident could happen if a candle flame burns too intensely in a drafty area?                      Answer:                     A drafty area can cause the flame to burn too intensely or blow nearby flammable objects into the fire.
304	FAQ_User_guidance.json		User_Guidance	Question:                     Does the guidance recommend burning candles in small, narrow rooms?                      Answer:                     No, the guidance explicitly states that you should not burn candles in enclosed spaces or small, narrow rooms.
305	FAQ_User_guidance.json		User_Guidance	Question:                     What is the heading of the second safety rule section in the document?                      Answer:                     The heading is 'Always keep the candle within your sight'.
306	FAQ_User_guidance.json		User_Guidance	Question:                     What two specific actions must be taken before you go to sleep regarding candle safety?                      Answer:                     You must extinguish the candles before leaving the room and before going to sleep.
307	FAQ_User_guidance.json		User_Guidance	Question:                     What specific device can help minimize the risk of fire and explosion instead of an open flame?                      Answer:                     Using a candle warmer is suggested to reduce the risk of fire and explosion.
308	FAQ_User_guidance.json		User_Guidance	Question:                     What is the heading of the third section focused on candle maintenance?                      Answer:                     The third section is titled 'Caring for Candles'.
309	FAQ_User_guidance.json		User_Guidance	Question:                     What effect does trimming the wick have on the consistency of the flame?                      Answer:                     Trimming the wick results in a brighter, cleaner, and more consistent flame.
310	FAQ_User_guidance.json		User_Guidance	Question:                     What specific type of residue is prevented from forming when the wick is regularly trimmed?                      Answer:                     Regular trimming avoids the production of black smoke containing soot.
311	FAQ_User_guidance.json		User_Guidance	Question:                     What alternative tool to a long-handled lighter is mentioned for safely lighting a candle?                      Answer:                     Long matches are mentioned as an alternative tool to avoid burning your hands.
312	FAQ_User_guidance.json		User_Guidance	Question:                     Where did the author gather the tips shared in this safety document?                      Answer:                     The author gathered the tips from the internet and from their own experience.
313	FAQ_User_guidance.json		User_Guidance	Question:                     What two qualities of candles does the author want users to enjoy while staying safe?                      Answer:                     The author wants users to enjoy candles that are both beautiful and fragrant.
314	FAQ_User_guidance.json		User_Guidance	Question:                     What specific types of paper-based items are listed as examples of flammable materials?                      Answer:                     Books and paper are explicitly listed as examples of paper-based flammable materials.
315	FAQ_User_guidance.json		User_Guidance	Question:                     What type of synthetic material is mentioned at the end of the flammable objects list?                      Answer:                     Plastic is mentioned at the end of the list of flammable materials.
316	FAQ_User_guidance.json		User_Guidance	Question:                     Why does a trimmed wick help control the flame's behavior?                      Answer:                     Trimming the wick by about 3mm after each use helps control the size and intensity of the flame.
317	FAQ_User_guidance.json		User_Guidance	Question:                     What is the main danger associated with children and pets near candles as highlighted by the structure of section 2?                      Answer:                     The main danger is leaving them unattended near an unextinguished flame, creating a high risk of fire, explosion, or burns.
318	FAQ_User_guidance.json		User_Guidance	Question:                     According to the final remarks, what is the ideal balance when using scented candles?                      Answer:                     The ideal balance is using candles that are beautiful and fragrant while still maintaining safety protocols.
319	FAQ_User_guidance.json		User_Guidance	Question:                     Which room items related to windows and bedding are listed as fire hazards in section 1?                      Answer:                     Clothes and curtains are listed as flammable materials to keep away from candles.
320	FAQ_User_guidance.json		User_Guidance	Question:                     What type of floor covering is explicitly mentioned as a hazard if placed under a burning candle without protection?                      Answer:                     Carpets are explicitly listed as a flammable material.
321	FAQ_Accesories_product.json		Product_Catalog	Question:                     What is the primary technical function of utilizing a specialized candle wick trimmer instead of regular household scissors?                      Answer:                     The primary function is to accurately cut wicks deep inside tall containers down to the ideal quarter-inch height while using an integrated disc-shaped catching basin to trap carbon debris and prevent it from contaminating the wax pool.
322	FAQ_Accesories_product.json		Product_Catalog	Question:                     How does using a long-handled candle snuffer protect the fragrance integrity of a room after extinguishing a flame?                      Answer:                     A candle snuffer completely eliminates the post-burn smoke smell and black soot generation by cutting off oxygen instantly, ensuring that the residual fragrance performance of the room is not ruined by unpleasant burnt odors.
323	FAQ_Accesories_product.json		Product_Catalog	Question:                     What thermodynamic mechanism allows the candle rotation tray to spin automatically without any electrical power source?                      Answer:                     Once a candle wick is ignited below, the rising hot thermal air currents push against the angled blades of the delicate multi-blade metal turbine at its peak, spinning the carousel automatically via thermodynamics.
324	FAQ_Accesories_product.json		Product_Catalog	Question:                     Why are elongated wooden safety matches preferred over cheap plastic disposable lighters for deep jar candles?                      Answer:                     The elongated wooden sticks provide an extra-long burn time and clean burning, which ensures that user fingers stay completely safe from fire hazards when reaching deep into tall glass candle jars.
325	FAQ_Accesories_product.json		Product_Catalog	Question:                     What is the structural utility of the slightly raised rim on a minimalist stainless steel candle tray?                      Answer:                     The slightly raised rim ensures that any stray wax drips, match stick residue, or volatile fragrance oils are safely contained, keeping delicate household tabletops and countertops completely pristine.
326	FAQ_Accesories_product.json		Product_Catalog	Question:                     How does a premium gold mirror tray enhance the visual presentation of candle displays on a bedroom vanity table?                      Answer:                     It features a crystal-clear reflective glass mirror base that catches ambient light beautifully, creating a glamorous boutique display feel, adding visual depth, and amplifying the warm glow of the candle flame.
327	FAQ_Accesories_product.json		Product_Catalog	Question:                     What dual-purpose protective advantages do natural pine wood tray slices offer when used as candle coasters?                      Answer:                     They serve as a heat-resistant protective layer that shields delicate furniture surfaces from thermal stress or cracking caused by hot candle jars, while bringing a warm, handcrafted, and rustic aesthetic to the space.
328	FAQ_Accesories_product.json		Product_Catalog	Question:                     Why is trimming overgrown braided cotton wicks considered crucial for extending the total lifespan of a soy candle?                      Answer:                     Trimming prevents erratic, oversized dancing flames, ensures a controlled and uniform wax melt pool, eliminates ugly black soot deposits, and regulates the rate of wax consumption to extend the candle's total burn hours.
329	FAQ_Accesories_product.json		Product_Catalog	Question:                     What specific safety risk is completely eliminated when replacing the act of hard blowing with a pivoting-head candle snuffer?                      Answer:                     It completely eliminates the risk of messy liquid wax blow-back, preventing hot wax from splattering out of the jar container onto household furniture, nearby textiles, or the user's face and skin.
330	FAQ_Accesories_product.json		Product_Catalog	Question:                     What is the direct correlation between utilizing a heavy-duty stainless steel alloy and the structural longevity of candle care tools?                      Answer:                     The heavy-duty stainless steel alloy provides exceptional structural stability, prevents bending under repeated mechanical stress, and is finished with premium electroplating to ensure high rust and corrosion resistance.
331	FAQ_Accesories_product.json		Product_Catalog	Question:                     How do the dangling charms on a heat-powered candle pinwheel alter the atmospheric shadow patterns of a dark room?                      Answer:                     As the warm rising thermal air currents rotate the turbine, the dangling metallic charms spin gracefully, casting beautiful, rhythmic, and dancing holiday shadows across surrounding walls and mirrors.
332	FAQ_Accesories_product.json		Product_Catalog	Question:                     What structural feature of a candle matchbox box ensures smooth, wind-resistant ignition over long periods of storage?                      Answer:                     The heavy-duty slider matchbox is engineered with a specialized honeycomb-textured friction strike pad running along its side panel, paired with premium wood splints tipped with stable safety chemicals.
333	FAQ_Accesories_product.json		Product_Catalog	Question:                     Why do premium candle metal trays incorporate smooth, integrated bottom metal ball feet instead of a completely flat bottom?                      Answer:                     The integrated smooth metal ball feet elevate the metal tray base slightly off flat surfaces, preventing scratches on delicate furniture and creating an insulating air gap that minimizes thermal transfer.
334	FAQ_Accesories_product.json		Product_Catalog	Question:                     What specific material composition guarantees that a wood tray log slice will remain stable under the weight of heavy glass candle vessels?                      Answer:                     They are cross-cut from premium natural pine wood that is uniformly cut to a thickness of 1cm to 1.5cm and smoothly sanded on both faces, preserving the rough organic bark trim for maximum foundational stability.
335	FAQ_Accesories_product.json		Product_Catalog	Question:                     How does a cylindrical modern cap design on a candle snuffer operate differently from a traditional flared vintage bell dome?                      Answer:                     While both function to cut off oxygen from the wick, the modern cylindrical cap fits more easily into narrow-necked glass containers, whereas the vintage bell dome offers an artistic, old-world aesthetic.
336	FAQ_Accesories_product.json		Product_Catalog	Question:                     What aesthetic asset makes a white bear candle under a glass dome popular as a gift item over standard utility candles?                      Answer:                     Its primary value lies in its cute, whimsical, and heartwarming handcrafted minimalist aesthetic, which serves as an enchanting decorative object that creates a cozy atmosphere even without being ignited.
337	FAQ_Accesories_product.json		Product_Catalog	Question:                     Why is an electroplated mirror coating chosen for stainless steel candle accessory trays over simple painted coatings?                      Answer:                     The electroplated mirror coating provides an ultra-glossy, highly polished premium finish that is non-flammable, heat-resistant, easy to wipe clean of wax residue, and completely immune to peeling or melting under candle heat.
338	FAQ_Accesories_product.json		Product_Catalog	Question:                     How does an ornate gold filigree rail border on a vanity tray protect surrounding glassware and amber dropper bottles?                      Answer:                     The structured filigree rail or geometric interlocking heart design border acts as a secure physical barrier that keeps glass bottles and candles safely corralled, preventing accidental knock-overs.
339	FAQ_Accesories_product.json		Product_Catalog	Question:                     What is the mechanical advantage of long, offset angled scissor shafts on a professional candle wick cutter?                      Answer:                     The long, offset angled shafts allow user hands to maintain a comfortable, ergonomic horizontal position while effortlessly reaching vertically down to the base of deep candle jars to execute a flat, flush trim.
340	FAQ_Accesories_product.json		Product_Catalog	Question:                     Why is the inclusion of unique organic wood grains in pine coasters highly valued by artisanal shop owners for product photography?                      Answer:                     The unique organic growth rings and textured bark edges provide a warm, handcrafted, and earth-grounded photogenic backdrop that acts as a visual riser, making luxury products stand out in lifestyle flat-lays.
341	FAQ_Accesories_product.json		Product_Catalog	Question:                     What specific issue does the honeycomb-textured friction pad on a safety matchbox resolve for frequent candle users?                      Answer:                     It provides a highly texturized, durable strike area that ensures immediate chemical ignition with a single strike, reducing wasted match sticks and maintaining reliable ignition over time.
342	FAQ_Accesories_product.json		Product_Catalog	Question:                     How do different metallic finishes like Matte Black and Luxury Rose Gold influence the perceived luxury level of a candle ritual?                      Answer:                     They transform standard daily household maintenance into a satisfying, personalized, and highly stylish self-care ritual that matches existing modern or classic interior decor themes.
343	FAQ_Accesories_product.json		Product_Catalog	Question:                     What specific thermal danger is avoided by utilizing an anti-rust metal frame and mirrored glass base for candle metal trays?                      Answer:                     It prevents high heat from standard glass candle bottoms from directly transferring to and damaging vulnerable wood, laminate, or marble tabletop finishes, while catching any hot wax mishaps cleanly.
344	FAQ_Accesories_product.json		Product_Catalog	Question:                     Why does a candle rotation tray package include an integrated, circular metal well in its design?                      Answer:                     The integrated circular metal well is securely sized to hold standard aluminum or clear-cup tealight candles firmly in place, preventing the heat source from shifting and ensuring steady rising air currents.
345	FAQ_Accesories_product.json		Product_Catalog	Question:                     What structural detail prevents the unique organic bark trim on a wood tray from peeling off or crumbling over time?                      Answer:                     The pine slices are smoothly sanded on both faces while carefully preserving the rough organic bark trim through meticulous artisanal cutting, ensuring a stable, non-crumbling rustic edge.
346	FAQ_Accesories_product.json		Product_Catalog	Question:                     How does a flat circular catch tray on a candle scissor assist in maintaining the clean aesthetic of white soy wax?                      Answer:                     By instantly capturing the clipped carbon tip as soon as it is snipped, it prevents the blackened burnt debris from dropping back down and contaminating or discoloring the pristine wax pool.
347	FAQ_Accesories_product.json		Product_Catalog	Question:                     What specific environmental condition makes a wind-resistant safety matchbox essential for lighting outdoor patio lanterns?                      Answer:                     Outdoor drafts or unpredictable winds require safety chemical formulations that generate a steady, robust, and clean-burning flame that won't instantly extinguish before reaching a deep wick.
348	FAQ_Accesories_product.json		Product_Catalog	Question:                     Why is food-grade stainless steel selected for the manufacturing of minimalist capsule oval candle plates?                      Answer:                     Food-grade stainless steel offers superior density, premium weight, and impeccable rust resistance against humidity, ensuring the tray remains stain-free even when exposed to raw candle oils.
349	FAQ_Accesories_product.json		Product_Catalog	Question:                     How does the rotating silver snowflake theme on a premium candle pinwheel complement textured embossed glass containers?                      Answer:                     The high-shine silver snowflakes catch and double the light reflections bouncing off the deeply textured, embossed floral lace patterns of the container glass, amplifying the magical winter theme.
350	FAQ_Accesories_product.json		Product_Catalog	Question:                     What target consumers or styling niches benefit most from the addition of a sleek monochrome black match box with charcoal tips?                      Answer:                     Lovers of minimalist typography, high-contrast modern styling, and luxury candle collectors who view their lighting tools as decorative statements to be proudly displayed on a vanity tray.
351	FAQ_Accesories_product.json		Product_Catalog	Question:                     What is the primary function of a pivoting dangling head mechanism on a long-handled candle snuffer rod?                      Answer:                     The pivoting head allows the metal cup to self-adjust to any angle, ensuring a flush, air-tight seal over wicks housed within tall jar walls or hard-to-reach hanging lantern clusters.
352	FAQ_Accesories_product.json		Product_Catalog	Question:                     Why are multi-size jar candles best arranged together on an oval stainless steel capsule tray rather than a flat table?                      Answer:                     Grouping them on an oval capsule tray gathers loose home accessories into a polished focal point, prevents separate oil rings, and protects wide furniture zones from accidental wax drips.
353	FAQ_Accesories_product.json		Product_Catalog	Question:                     What design philosophy is expressed by the clean white bear candle housed under a transparent glass dome?                      Answer:                     It reflects a playful yet minimalist Nordic decor philosophy that prioritizes cute, whimsical, and heartwarming visual appeal over functional aroma dispersion or heavy scent throws.
354	FAQ_Accesories_product.json		Product_Catalog	Question:                     How does uniform cutting thickness from 1cm to 1.5cm safeguard wood log coasters from warping under a heavy glass container?                      Answer:                     The uniform thickness ensures a perfectly balanced distribution of weight and thermal insulation, preventing the organic wood slice from bowing, cracking, or losing stability over time.
355	FAQ_Accesories_product.json		Product_Catalog	Question:                     What is the direct correlation between using a candle wick cutter and preventing black smoke rings from forming on glass walls?                      Answer:                     Trimming away carbonized, split wick ends stops the creation of excessive soot-laden black smoke, keeping the interior and outer rims of glass candle jars perfectly clean and clear.
356	FAQ_Accesories_product.json		Product_Catalog	Question:                     Why are metallic finishes like Polished Chrome Silver and Brilliant Yellow Gold highly requested for kinetic candle carousels?                      Answer:                     The high-shine reflective plating maximizes the scattering of moving light silhouettes and festive patterns across the dark corners of a room when the carousel spins.
357	FAQ_Accesories_product.json		Product_Catalog	Question:                     What specific domestic maintenance issue is resolved by placing reed diffusers on a polished gold mirror vanity tray?                      Answer:                     It protects delicate tabletop paint and veneer from permanent oil ring stains caused by residual fragrance oils leaking down the outer walls of reed diffuser jars.
358	FAQ_Accesories_product.json		Product_Catalog	Question:                     How do clean safety chemicals tipped on wooden match sticks reduce environmental discomfort compared to butane fuel lighters?                      Answer:                     The safety chemicals burn cleanly and are sulfur-free, eliminating the pungent, harsh chemical odor typical of cheap disposable lighters, preserving the pure initial scent of your candle.
359	FAQ_Accesories_product.json		Product_Catalog	Question:                     What specific aesthetic value does a vibrant multi-tone iridescent rainbow plating bring to a modern minimalist room layout?                      Answer:                     It transforms a basic utility metal plate into a dazzling, chameleon-like contemporary centerpiece that changes colors depending on the angle of ambient light.
360	FAQ_Accesories_product.json		Product_Catalog	Question:                     Why should users avoid blowing out candles with their breath when a specialized candle snuffer tool is available?                      Answer:                     Blowing with breath creates a prolonged puff of toxic black soot, releases an intense burnt smell that ruins the room's scent throw, and risks splattering liquid wax across flat surfaces.
361	FAQ_Accesories_product.json		Product_Catalog	Question:                     What structural advantage does an extra-long straight rod handle with an integrated ergonomic grip give to a candle snuffer user?                      Answer:                     It maximizes physical distance from the flame, provides a secure, non-slip hold, and protects user fingers from severe heat exposure when reaching down deep into tall pillar arrangements.
362	FAQ_Accesories_product.json		Product_Catalog	Question:                     Why are natural pine wood discs categorized under the non-fragrance utility home decor elements family?                      Answer:                     Because they are physical utility accessories designed for furniture protection and styling; they emit only a mild, natural earthy pine aroma that does not interfere with scented wax.
363	FAQ_Accesories_product.json		Product_Catalog	Question:                     How does a flat-top cylindrical cap design on a candle snuffer optimize space when extinguishing multiple small votive cups?                      Answer:                     Its compact, streamlined geometric silhouette allows it to drop directly into narrow, confined wax cups cleanly without striking or disrupting the delicate glass edges.
364	FAQ_Accesories_product.json		Product_Catalog	Question:                     What specific target locations are recommended for displaying an ornate vertical pillar cutout filigree tray?                      Answer:                     Dressing tables for organizing jewelry, coffee tables as a base for reed diffusers, and bathroom counters for organizing luxury hand soaps and amber dropper jars.
365	FAQ_Accesories_product.json		Product_Catalog	Question:                     Why is an organic circular or slightly oval shape maintained for natural pine wood tray slices?                      Answer:                     Preserving the organic shape and tightly concentric annual growth rings highlights the raw, unmanufactured forest aesthetic that modern consumers value for cozy interior styling.
366	FAQ_Accesories_product.json		Product_Catalog	Question:                     What is the ultimate objective of using specialized candle care tools like scissors and snuffers during a relaxation ritual?                      Answer:                     The objective is to allow users to fully enjoy the gorgeous aesthetics and beautiful fragrances of candles while completely eliminating any hỏa hoạn risks, black soot, or wax spill accidents.
367	FAQ_Accesories_product.json		Product_Catalog	Question:                     How does an elegant cream-colored decorative ribbon bow on a pastel pink glass candle jar influence consumer purchasing intent?                      Answer:                     It elevates the product into a popular choice for aesthetic bedroom makeovers, vanity table decorations, and premium gifts for anniversaries or special holiday events.
368	FAQ_Accesories_product.json		Product_Catalog	Question:                     What mechanical design feature on a professional candle scissor prevents finger fatigue during vertical trimming?                      Answer:                     The long scissor shafts are paired with comfortable round finger loops that provide optimal mechanical leverage, allowing effortless, steady, and clean single-snip cuts.
369	FAQ_Accesories_product.json		Product_Catalog	Question:                     Why are walking forest reindeer silhouettes chosen for the silver variant of a kinetic candle carousel holder?                      Answer:                     The reindeer silhouettes match the cool, classic metallic silver finish, evoking a peaceful, festive, and magical winter forest theme that enhances dark winter nights.
370	FAQ_Accesories_product.json		Product_Catalog	Question:                     What underlying mood does a user experience when watching a heat-powered rotary candle carousel spin in a dark room?                      Answer:                     The user experiences a whimsical, enchanting, mesmerizing, cozy, and deeply calming artistic mood induced by the rhythmic movement of light and shadows.
371	FAQ_Accesories_product.json		Product_Catalog	Question:                     How does an integrated clear glass dome over a handcrafted wax animal candle optimize dust protection?                      Answer:                     The glass dome creates an air-tight physical barrier that completely blocks household dust from settling onto the intricate, handcrafted wax details, keeping the display pristine.
372	FAQ_Accesories_product.json		Product_Catalog	Question:                     What is the primary formulation difference between premium safety matches and cheap standard utility matchboxes?                      Answer:                     Premium safety matches utilize eco-friendly natural wood splints tipped with clean-burning safety chemicals, avoiding sulfur or toxic materials that create heavy chemical odors upon ignition.
373	FAQ_Accesories_product.json		Product_Catalog	Question:                     Why is an elongated oval capsule silhouette chosen for Nordic-style minimalist stainless steel candle plates?                      Answer:                     The elongated silhouette easily accommodates a complete set of candle care tools (wick trimmer, snuffer, matchbox) alongside a main jar candle, organizing them into a single neat arrangement.
374	FAQ_Accesories_product.json		Product_Catalog	Question:                     How does a deeply textured, embossed floral lace pattern on a rose-gold glass candle container alter ambient light?                      Answer:                     It refracts the candle light into complex, shimmering geometric patterns, turning a simple flame into a multi-dimensional light show that enhances a vanity setup.
375	FAQ_Accesories_product.json		Product_Catalog	Question:                     What specific consumer group or demographic is a white slide-box match box with snow-white tips designed to attract?                      Answer:                     Consumers who love minimalist design, clean typography, intentional self-care rituals, and keeping sleek accessories on open coffee tables next to luxury candles.
376	FAQ_Accesories_product.json		Product_Catalog	Question:                     How does a textured ergonomic grip at the tail handle of a candle snuffer enhance safe handling?                      Answer:                     It prevents slippage and ensures a steady hand when navigating deep candle vessels, reducing the risk of accidentally hitting the wick or disturbing the liquid wax pool.
377	FAQ_Accesories_product.json		Product_Catalog	Question:                     Why is the combination of a natural bamboo wooden lid and a clear glass jar highly praised by eco-conscious candle users?                      Answer:                     The natural, eco-friendly bamboo lid provides a sustainable airtight seal that locks in the candle's fragrance when not in use, while adding a clean, modern aesthetic.
378	FAQ_Accesories_product.json		Product_Catalog	Question:                     What functional problem does an integrated horizontal debris catch basin on a wick trimmer solve for multi-wick soy candles?                      Answer:                     It ensures that snipped carbon tips from multiple wicks are caught simultaneously on the disc tray, preventing dirty debris from falling into wide, pristine wax pools.
379	FAQ_Accesories_product.json		Product_Catalog	Question:                     How do flying fairy silhouettes with textured wings on a gold candle carousel enhance moving light reflections?                      Answer:                     The high-shine reflective gold plating on the intricate fairy wings catches the rising firelight, scattering warm, shimmering patterns across the ceiling as they rotate.
380	FAQ_Accesories_product.json		Product_Catalog	Question:                     Why are anti-rust alloy metal frames essential for vanity trays displayed in high-humidity luxury restrooms?                      Answer:                     High humidity from showers can quickly tarnish standard metals; the anti-rust alloy frame ensures the tray remains reflective, rust-free, and elegant over years of use.
381	FAQ_Accesories_product.json		Product_Catalog	Question:                     What specific physical symptom of candle mismanagement is completely avoided by keeping a wick trimmed to a quarter-inch height?                      Answer:                     It completely avoids erratic, oversized dancing flames that cause the glass jar to overheat, which can crack the container and create a fire hazard.
382	FAQ_Accesories_product.json		Product_Catalog	Question:                     Why is a cross-cut pine log coaster considered a superior alternative to cardboard or plastic coasters under hot candle wax?                      Answer:                     The natural wood offers high heat resistance and physical density, ensuring it won't melt, deform, or pass high temperatures down to delicate tabletops.
383	FAQ_Accesories_product.json		Product_Catalog	Question:                     How does a geometric interlocking heart design border on a candle metal tray combine aesthetics with utility?                      Answer:                     It provides a romantic, artistic visual touch while forming a protective boundary wall that keeps candles and perfume bottles neatly contained and organized.
384	FAQ_Accesories_product.json		Product_Catalog	Question:                     What defines the overall mood profile induced by lighting an premium holiday candle like Voluspa's 'Gilt Pomander & Hinoki'?                      Answer:                     The mood profile is defined as dreamy, magical, mesmerizing, luxurious, warm, festive, and therapeutic.
385	FAQ_Accesories_product.json		Product_Catalog	Question:                     Why is an airtight natural wood stopper often integrated with a glossy ceramic home fragrance bottle?                      Answer:                     The wooden stopper preserves the fragrance concentration inside the container before deployment and adds a natural, tactile element to the product design.
386	FAQ_Accesories_product.json		Product_Catalog	Question:                     What specific household cleaning activity can be entirely avoided by utilizing an oval stainless steel candle tray?                      Answer:                     The tedious process of scraping hardened wax spills off delicate wood tables or marble counters is avoided, as the tray catches all stray drips.
387	FAQ_Accesories_product.json		Product_Catalog	Question:                     How does a minimalist 'Good Day' typography slide-box design elevate a basic candle lighting utility item?                      Answer:                     It transforms a standard box of matches into a beautiful, intentional piece of home decor that enhances the therapeutic feel of a self-care routine.
388	FAQ_Accesories_product.json		Product_Catalog	Question:                     Why is a flared vintage bell dome shape on a candle snuffer considered highly effective for tapered dining table candles?                      Answer:                     The wide flared shape easily covers the exposed wick of a tapered candle from any side angle, cutting off oxygen quickly without disrupting the slender wax stick.
389	FAQ_Accesories_product.json		Product_Catalog	Question:                     What visual benefit does an iridescent rainbow finish offer when paired with minimalist Nordic home styling?                      Answer:                     It adds an eye-catching, multi-tone metallic pop that breaks up monochromatic spaces, reflecting shifting colors as lighting conditions change throughout the day.
390	FAQ_Accesories_product.json		Product_Catalog	Question:                     How does utilizing heavy-duty flush-cutting horizontal blades on a wick trimmer ensure a clean cut?                      Answer:                     The precision horizontal blades shear cleanly through dense cotton, braided, or paper wicks without fraying the fibers, ensuring a controlled burn on the next lighting.
391	FAQ_Accesories_product.json		Product_Catalog	Question:                     Why are step-risers or display trays highly favored by small business owners who sell luxury cosmetics or perfumes?                      Answer:                     They give products an organized 'boutique display' feel, creating visual interest and depth that helps items stand out in promotional or social media photos.
392	FAQ_Accesories_product.json		Product_Catalog	Question:                     What specific seasonal theme is enhanced by adding a silver snowflake candle pinwheel to a holiday table centerpiece?                      Answer:                     It enhances an elegant year-end or Christmas theme, bringing a touch of winter wonderland magic to cozy holiday dinner parties.
393	FAQ_Accesories_product.json		Product_Catalog	Question:                     How does a textured tree bark edge on a pine coaster enhance a botanical-themed photography layout?                      Answer:                     It introduces a raw, unrefined forest texture that grounds the shot, emphasizing the natural ingredients and organic origins of the featured products.
394	FAQ_Accesories_product.json		Product_Catalog	Question:                     What functional issue is avoided by utilizing sulfur-free match tips for lighting premium aromatherapy waxes?                      Answer:                     It avoids releasing a harsh, rotten-egg sulfur odor upon striking, ensuring the room is filled only with the pure fragrance of the candle's essential oils.
395	FAQ_Accesories_product.json		Product_Catalog	Question:                     Why are smooth rounded edges a key feature of minimalist capsule stainless steel candle plates?                      Answer:                     The smooth rounded design ensures safe handling without sharp corners, while reinforcing the sleek, clean lines characteristic of contemporary Scandinavian home decor.
396	FAQ_Accesories_product.json		Product_Catalog	Question:                     How does an integrated metal tealight cup holder inside a rotary carousel prevent accidental fire hazards?                      Answer:                     It locks the small tealight candle into a secure metal well, ensuring it cannot slide or tip over if the table is accidentally bumped, containing the heat source safely.
397	FAQ_Accesories_product.json		Product_Catalog	Question:                     What specific consumer benefit is highlighted by the heavy, solid metal feel of high-grade stainless steel candle care tools?                      Answer:                     It communicates high craftsmanship, durability, and a premium quality that assures users the tool will perform reliably over long-term use.
398	FAQ_Accesories_product.json		Product_Catalog	Question:                     Why is a high-shine reflective plating applied to the metal turbines of kinetic candle accessories?                      Answer:                     The reflective surface bounces the candle's firelight upward and outward, maximizing the shifting patterns of light and shadow cast across the ceiling.
399	FAQ_Accesories_product.json		Product_Catalog	Question:                     What specific household maintenance risk does an anti-rust gold mirror tray manage on a bathroom counter?                      Answer:                     It protects the counter from permanent moisture marks, rust circles from metal canisters, or oil stains from glass droppers, keeping the surface clean.
400	FAQ_Accesories_product.json		Product_Catalog	Question:                     How does keeping a candle wick clean and trimmed protect indoor air quality over time?                      Answer:                     It ensures clean, complete combustion of the wax, reducing the release of airborne soot particles and black smoke into the household environment.
401	FAQ_Accesories_product.json		Product_Catalog	Question:                     Why are standing holiday pine trees featured as a charm theme variation for seasonal candle pinwheels?                      Answer:                     They reinforce a traditional winter holiday theme, making the kinetic carousel an ideal festive decoration or high-end gift for luxury candle collectors.
402	FAQ_Accesories_product.json		Product_Catalog	Question:                     What practical value does a heavy-duty reflective mirror glass base bring to a cosmetics organizer tray?                      Answer:                     It allows users to easily see the labels on the bottoms of dropper bottles or small makeup containers via reflection, making organization more efficient.
403	FAQ_Accesories_product.json		Product_Catalog	Question:                     How does a natural wood cross-cut pine coaster complement a rustic gift set containing dried flowers?                      Answer:                     It completes a cohesive, nature-inspired unboxing experience, matching the organic aesthetic of dried hydrangea bouquets and dehydrated real orange slices.
404	FAQ_Accesories_product.json		Product_Catalog	Question:                     What specific physical danger does a long candle match protect against when lighting a low-burned multi-wick candle?                      Answer:                     It prevents the user's knuckles and fingers from coming into contact with the hot upper glass rim or existing low-burned flames inside a deep jar.
405	FAQ_Accesories_product.json		Product_Catalog	Question:                     Why are polished chrome silver finishes popular for minimalist, high-traffic living room accessories?                      Answer:                     The finish offers a clean, contemporary look that resists fingerprint smudges better than highly polished gold, matching modern interior design themes seamlessly.
406	FAQ_Accesories_product.json		Product_Catalog	Question:                     How does an airtight glass dome help preserve the subtle natural scent of an unscented decorative wax candle?                      Answer:                     It locks out external household odors from absorbing into the wax body, ensuring the decorative candle retains its clean, original look and material profile.
407	FAQ_Accesories_product.json		Product_Catalog	Question:                     What specific functional benefit does an elongated capsule tray offer when grouping different-sized aromatherapy accessories?                      Answer:                     It creates a dedicated, stable zone for all tools, preventing separate accessories from cluttering a desk while protecting surfaces from accidental scratches.
408	FAQ_Accesories_product.json		Product_Catalog	Question:                     Why is the premium rose-gold or amber glass container of a luxury candle often designed with a deeply textured pattern?                      Answer:                     The textured pattern turns the container into an artistic statement piece that catches ambient room light, acting as a decorative accent even when unlit.
409	FAQ_Accesories_product.json		Product_Catalog	Question:                     How does a slider-box design on a safety matchbox enhance safety around children compared to flip-top boxes?                      Answer:                     The heavy-duty slider design requires a deliberate two-handed motion to slide open, reducing the chance of accidental spills or easy access to the matches.
410	FAQ_Accesories_product.json		Product_Catalog	Question:                     What underlying mood is communicated by an ornate, royal gold filigree tray arranged with amber dropper jars?                      Answer:                     It communicates a glamorous, luxurious, neat, elegant, royal, and highly artistic mood that elevates any bathroom vanity or bedroom counter.
411	FAQ_Accesories_product.json		Product_Catalog	Question:                     Why is smoothly sanded natural pine wood preferred for table centerpieces over raw, unsanded lumber?                      Answer:                     Smooth sanding prevents splinters from damaging delicate linens or scratch-sensitive tabletops, while showcasing the wood's concentric growth rings safely.
412	FAQ_Accesories_product.json		Product_Catalog	Question:                     How does a pivoting head on a vintage bell candle snuffer simplify extinguishing flames on high mantelpiece displays?                      Answer:                     The pivoting head automatically adjusts its angle to meet the wick flatly as the long rod is raised, cutting off oxygen without requiring the user to climb up.
413	FAQ_Accesories_product.json		Product_Catalog	Question:                     What specific visual element makes a chameleon-like iridescent rainbow candle tray highly appealing to younger design enthusiasts?                      Answer:                     The vibrant, shifting multi-tone colors offer a bold, modern break from traditional metallic golds or silvers, matching contemporary or eclectic decor styles.
414	FAQ_Accesories_product.json		Product_Catalog	Question:                     Why is a quarter-inch height universally recommended for cotton candle wicks before starting a burn cycle?                      Answer:                     It optimizes the capillary draw of melted wax up the wick, keeping the flame steady and efficient while preventing soot production or overheating.
415	FAQ_Accesories_product.json		Product_Catalog	Question:                     How does a flat circular catch tray on a wick trimmer make candle care a cleaner, more satisfying process?                      Answer:                     It collects the soot-covered carbon clippings immediately, ensuring users don't have to fish dirty debris out of sticky wax with their fingers.
416	FAQ_Accesories_product.json		Product_Catalog	Question:                     What specific design details make a polished yellow gold candle carousel an appropriate holiday dinner center piece?                      Answer:                     Its brilliant reflective plating, integrated tealight well, and delicate hanging ornaments create a festive moving display that sparks conversation.
417	FAQ_Accesories_product.json		Product_Catalog	Question:                     Why are eco-friendly natural wood splints preferred over synthetic materials for high-end candle safety matches?                      Answer:                     Natural wood splints burn evenly, provide excellent structural stiffness, and offer an authentic, minimalist aesthetic that pairs well with luxury self-care rituals.
418	FAQ_Accesories_product.json		Product_Catalog	Question:                     How does an extra-long straight handle on a candle care tool reinforce an intentional, ritualistic approach to candle care?                      Answer:                     The long handle requires deliberate, slow, and methodical movements, transforming a basic utility act into a calming, safe, and sophisticated ritual.
419	FAQ_Accesories_product.json		Product_Catalog	Question:                     What is the primary overarching goal of using high-quality candle accessories like trays, snuffers, and trimmers across residential spaces?                      Answer:                     The objective is to allow users to fully enjoy the gorgeous aesthetics and beautiful fragrances of candles while completely eliminating any hỏa hoạn risks, soot deposits, or accidental wax damage.
420	FAQ_Candle_product.json		Product_Catalog	Question:                     Why is the 'Sandalwood And Rose' candle considered a high-value spiritual collector's item?                      Answer:                     The 'Sandalwood And Rose' candle is considered a valuable collector's item because its front label features the iconic religious artwork of Our Lady of Guadalupe printed on the clear glass cylinder jar.
421	FAQ_Candle_product.json		Product_Catalog	Question:                     What is the major contradiction between the commercial product name and the actual main fragrance ingredients of the 'Milk Vanilla' candle?                      Answer:                     Despite being named 'Milk Vanilla', its main scents and structural notes are entirely dynamic and fruit-forward (Vibrant Citrus, Fresh Mango, Sparkling Prosecco, Bright Mandarin, and Sugared Amber), containing no traditional milk or vanilla accords.
422	FAQ_Candle_product.json		Product_Catalog	Question:                     What is the core difference in packaging design between the 'Warn Cider And Cinnamon' candle and standard Friday Collective products?                      Answer:                     'Warn Cider And Cinnamon' belongs to an unbranded Artisanal Collection featuring a traditional classic plaid/tartan pattern printed on the labels, whereas Friday Collective products utilize modern minimalist graphic text on single-color opaque or iridescent glass jars.
423	FAQ_Candle_product.json		Product_Catalog	Question:                     Compare the total burn time and physical wick specifications between '3 Day WKND' and 'Coconut And Sea Salt'.                      Answer:                     '3 Day WKND' has a burn time of 45–48 hours and features a triple natural fiber wick setup (3 wicks), while 'Coconut And Sea Salt' burns significantly longer (50–70 hours) but relies on a single cotton wick.
424	FAQ_Candle_product.json		Product_Catalog	Question:                     Technically, which notes act as the transitional sensory bridge from the top layer to the base layer in the 'Shower Playlist' candle?                      Answer:                     The middle notes of Water Lily and Crisp Sea Salt act as the transitional sensory bridge, moving from the initial bold sharpness of eucalyptus and bergamot into the fluffy base of laundry musk and cotton.
425	FAQ_Candle_product.json		Product_Catalog	Question:                     Why do users describe the 'Sandalwood And Rose' candle as a mature aroma that avoids smelling dated?                      Answer:                     Because the deep, grounding woody depth of rare sandalwood and soft incense smoke tempers and balances out the traditional, heavy sweetness of crimson rose petals.
426	FAQ_Candle_product.json		Product_Catalog	Question:                     Analyze the technical relationship between product net weight and container material for 'Smells Like Cacao And Vanilla' versus 'Coconut And Sea Salt'.                      Answer:                     'Smells Like Cacao And Vanilla' weighs 11 oz and uses a standard jar, whereas 'Coconut And Sea Salt' weighs 12 oz and is housed in a premium white ceramic jar paired with a wooden lid.
427	FAQ_Candle_product.json		Product_Catalog	Question:                     According to researcher Dr. Pamela Dalton, what biological mechanism explains why scents from candles trigger human memories so rapidly?                      Answer:                     The biological mechanism is based on brain anatomy: the part of the human brain that receives and processes scents is located very close to the neurological regions that handle memory and emotions.
428	FAQ_Candle_product.json		Product_Catalog	Question:                     What is the literal definition and placement of 'Aromatic Fougère' as mentioned in the candle fragrance guide?                      Answer:                     'Aromatic Fougère' refers to herbal notes, which are categorized under the top notes layer (30% weight), giving the very first scent impression and evaporating within about 10 minutes after lighting.
429	FAQ_Candle_product.json		Product_Catalog	Question:                     What are the contrasting design choices for the glass jars of 'Sunset Disco' and 'Day Party' by Friday Collective, and what do they represent?                      Answer:                     'Sunset Disco' uses an iridescent orange glass container to mimic the shifting colors of a real twilight summer sunset, while 'Day Party' utilizes an intense yellow container to represent a bright, celebratory daytime pool party environment.
430	FAQ_Candle_product.json		Product_Catalog	Question:                     If a customer seeks a candle that perfectly replicates a 'luxury resort steam room spa', which product is ideal and why?                      Answer:                     'Shower Playlist' is ideal because its fragrance profile combines Refreshing Eucalyptus, Clean Cotton, Crisp Sea Salt, Bright Bergamot, and Water Lily to completely mimic a high-end sensory spa experience.
431	FAQ_Candle_product.json		Product_Catalog	Question:                     Why are base notes harder to detect immediately compared to top notes, despite lingering for up to 6 hours after extinguishment?                      Answer:                     Base notes consist of deep, rich, and non-volatile heavy molecules that do not possess the same wide, airy, and immediate sillage as the top layers, requiring close observation to be noticed.
432	FAQ_Candle_product.json		Product_Catalog	Question:                     How does trimming a candle's wick to approximately 3mm after each use technically prevent the formation of black smoke?                      Answer:                     Trimming the wick controls the flame size and ensures a consistent burn rate, which prevents the ng ng ng wick from drawing up excess wax and oxygen simultaneously, thereby eliminating incomplete combustion that produces soot-filled black smoke.
433	FAQ_Candle_product.json		Product_Catalog	Question:                     Which specific candle product is explicitly designated for 'Any Season' and what color is the wax/material?                      Answer:                     The '3 Day WKND' candle is designated for 'Any Season' and its physical color specification is Green.
434	FAQ_Candle_product.json		Product_Catalog	Question:                     How does natural skincare expert Sarah Villafranco explain the physiological speed and power of aromatherapy?                      Answer:                     She explains that the connection between scent and emotion happens in a flash, allowing aromatherapy to act as a powerful tool to instantly evoke bodily responses, increase alertness, induce relaxation, and reduce stress.
435	FAQ_Candle_product.json		Product_Catalog	Question:                     What notable fruit-based similarity exists between the top note layers of '3 Day WKND' and 'Day Party'?                      Answer:                     Both products feature apple variants as prominent opening top notes: '3 Day WKND' opens with Green Apple, while 'Day Party' opens with Apple Pie.
436	FAQ_Candle_product.json		Product_Catalog	Question:                     Which specific scents are scientifically noted in the text to improve brain blood circulation and stimulate cognitive function?                      Answer:                     The scents are rosemary, mint, coffee, jasmine, lavender, and lemon.
437	FAQ_Candle_product.json		Product_Catalog	Question:                     What are the exact wax material and net weight specifications of the 'Day Party' candle?                      Answer:                     It is made of a Soy Wax Blend (infused with Essential Oils) and has a net weight of 13.5 oz.
438	FAQ_Candle_product.json		Product_Catalog	Question:                     Why does the safe usage guide strictly forbid burning scented candles inside tightly enclosed spaces or small, narrow rooms?                      Answer:                     Burning candles in small enclosed spaces can lead to rapid depletion of fresh oxygen and a harmful accumulation of carbon monoxide or airborne soot particles, compromising respiratory health.
439	FAQ_Candle_product.json		Product_Catalog	Question:                     What specific ingredients comprise the final base notes layer of the '3 Day WKND' fragrance profile?                      Answer:                     The base notes settle into a combination of violet leaf and woods.
440	FAQ_Candle_product.json		Product_Catalog	Question:                     Describe the olfactory transition that takes place within the middle notes (heart layer) of the 'Day Party' candle.                      Answer:                     The middle notes transition into a lush, sweet fruit and floral blend consisting of Strawberry, Rose, and Peach Juice.
441	FAQ_Candle_product.json		Product_Catalog	Question:                     How do customers perceive the overall sweetness levels of the 'Smells Like Cacao And Vanilla' candle?                      Answer:                     Customers perceive it as a highly realistic cacao and coffee scent that possesses a very light, non-cloying sweetness.
442	FAQ_Candle_product.json		Product_Catalog	Question:                     According to the official data privacy policy of nenthom.com.vn, how long is customer personal information stored?                      Answer:                     Information is stored on internal systems during the active process of providing services, until the collection purpose is fully completed, or until the customer explicitly requests data cancellation.
443	FAQ_Candle_product.json		Product_Catalog	Question:                     What are the precise technical dimensions listed for the 'Coconut And Sea Salt' candle container?                      Answer:                     The technical dimensions are exactly 6.81" x 6.81".
444	FAQ_Candle_product.json		Product_Catalog	Question:                     What dual dangers make drafty areas highly hazardous when choosing a placement spot for burning candles?                      Answer:                     Drafts cause the flame to burn too intensely and erratically, and they can physically blow lightweight flammable objects nearby directly into the open fire.
445	FAQ_Candle_product.json		Product_Catalog	Question:                     Which candle is specifically recommended for a 'Coffee Corner' setup and is deemed perfect for rainy days?                      Answer:                     The 'Smells Like Cacao And Vanilla' candle produced by COCO by Store.
446	FAQ_Candle_product.json		Product_Catalog	Question:                     What is the technical difference in wax composition between 'Smells Like Cacao And Vanilla' and Friday Collective products?                      Answer:                     'Smells Like Cacao And Vanilla' is formulated from 100% pure Soy Wax, whereas Friday Collective items are made from a Soy Wax Blend.
447	FAQ_Candle_product.json		Product_Catalog	Question:                     What is the operational target percentage for fast, on-time delivery set by the nenthom.com.vn team for the year 2026?                      Answer:                     The operations team aims to achieve fast and on-time delivery for 99% of all customer orders.
448	FAQ_Candle_product.json		Product_Catalog	Question:                     Which three distinct sub-families are combined to form the comprehensive fragrance family of 'Sunset Disco'?                      Answer:                     It combines Warm Citrus, Woody Amber, and Sundown Fruity sub-families.
449	FAQ_Candle_product.json		Product_Catalog	Question:                     What are the theoretical weight percentages allocated to Top, Middle, and Base layers in the provided fragrance structure guide?                      Answer:                     Top notes account for 30%, Middle notes (Heart notes) account for 70%, and Base notes account for 20%.
450	FAQ_Candle_product.json		Product_Catalog	Question:                     What is the exact physical store address required for customers returning merchandise to nenthom.com.vn?                      Answer:                     The address is: No. 303B Vu Huu, Thanh Xuan Bac Ward, Thanh Xuan District, Hanoi, Vietnam.
451	FAQ_Candle_product.json		Product_Catalog	Question:                     List the full array of terms used to describe the psychological 'Mood' map of the '3 Day WKND' candle.                      Answer:                     Refreshing, Carefree, Relaxing, Cheerful, Light-hearted, Weekend getaway vibes, Clean, and Rejuvenating.
452	FAQ_Candle_product.json		Product_Catalog	Question:                     Under the merchandise return framework, at what exact point will nenthom.com.vn dispatch a replacement order to the customer?                      Answer:                     The replacement order will be processed and dispatched immediately after the store successfully receives and verifies the valid returned item.
453	FAQ_Candle_product.json		Product_Catalog	Question:                     Which specific underlying note is responsible for keeping the twilight beach party mood alive long after 'Sunset Disco' is put out?                      Answer:                     The underlying base note of Velvet Musk.
454	FAQ_Candle_product.json		Product_Catalog	Question:                     Name the four major, reputable domestic logistics providers partnered with nenthom.com.vn as of 2026.                      Answer:                     Giao Hang Tiet Kiem, Giao Hang Nhanh, Viettel Post, and AhaMove.
455	FAQ_Candle_product.json		Product_Catalog	Question:                     What specific personal identifying items fall within the standard data collection scope of the nenthom.com.vn platform?                      Answer:                     First name, Last name, Email address, Phone number, Country, State/Province, and detailed Street Address.
456	FAQ_Candle_product.json		Product_Catalog	Question:                     What are the mandatory product condition parameters for a customer to claim a full return or exchange within the 7-day window?                      Answer:                     The product must be fully intact, unused, undamaged, in its original packaging with all accompanying documents (invoices, catalogs) and any promotional gifts included.
457	FAQ_Candle_product.json		Product_Catalog	Question:                     Contrast the core mood characteristics of the 'Day Party' candle against the 'Sunset Disco' candle.                      Answer:                     'Day Party' is fun, energetic, cheerful, and summer-inspired, whereas 'Sunset Disco' leans into a groovy, electric, nostalgic, and vibrant twilight ambiance.
458	FAQ_Candle_product.json		Product_Catalog	Question:                     Which candle is presented in an iridescent oceanic blue glass container with sharp, crisp white typography?                      Answer:                     The 'Shower Playlist' candle by Friday Collective.
459	FAQ_Candle_product.json		Product_Catalog	Question:                     Why are Middle Notes scientifically referred to as the 'Heart Notes' or 'soul' of a scented candle?                      Answer:                     Because they are the longest-lasting components that develop as the top notes fade, defining the definitive, signature aromatic character of the candle during the main burning cycle.
460	FAQ_Candle_product.json		Product_Catalog	Question:                     When a customer selects internet banking/wire transfer at checkout on nenthom.com.vn, what is the next step in the payment sequence?                      Answer:                     The system Administrator will directly contact the customer to manually provide the authorized bank account details for the transaction.
461	FAQ_Candle_product.json		Product_Catalog	Question:                     What is the design philosophy behind pairing a wooden lid with a white ceramic jar for the 'Coconut And Sea Salt' candle?                      Answer:                     The wooden lid combined with raw white ceramic evokes a rustic, coastal aesthetic that directly matches the breezy, relaxed, and natural atmosphere of a tropical beach.
462	FAQ_Candle_product.json		Product_Catalog	Question:                     The 'Gourmand' classification is explicitly identified in the profiles of which two candles within the text library?                      Answer:                     It is found in 'Smells Like Cacao And Vanilla' and 'Warn Cider And Cinnamon'.
463	FAQ_Candle_product.json		Product_Catalog	Question:                     State the exact time frame during which heart/middle notes emerge and dominate after a candle is sparked.                      Answer:                     They appear approximately 10–20 minutes after lighting and continue to dominate up to 1.5 hours into the burn.
464	FAQ_Candle_product.json		Product_Catalog	Question:                     What is the exact net weight in ounces and the wax color of the 'Warn Cider And Cinnamon' candle?                      Answer:                     It weighs exactly 11.9 oz and the wax color is White.
465	FAQ_Candle_product.json		Product_Catalog	Question:                     In what specific context does nenthom.com.vn explicitly state it will notify customers prior to sharing their personal data with external entities?                      Answer:                     Prior notification is mandatory if the data is to be shared for promotional events or marketing campaigns sponsored by an external third party, giving the user an absolute opt-in or opt-out choice.
466	FAQ_Candle_product.json		Product_Catalog	Question:                     Why do certain consumers report detecting a 'pear-like note' when burning the '3 Day WKND' candle?                      Answer:                     This occurs because the natural chemical blending of the candle's specific fruity accords interacts to create a unique olfactory perception that closely resembles ripe pear.
467	FAQ_Candle_product.json		Product_Catalog	Question:                     What color choices are available for the translucent glass housing of the 'Warn Cider And Cinnamon' candle?                      Answer:                     It is housed in either a deep amber-tinted or a plum-tinted translucent glass jar.
468	FAQ_Candle_product.json		Product_Catalog	Question:                     Who bears the financial liability for shipping fees when returning an item under the general return policy of nenthom.com.vn?                      Answer:                     The customer is fully responsible for paying the shipping costs associated with returning items back to the company.
469	FAQ_Candle_product.json		Product_Catalog	Question:                     What brand produces the 'Smells Like Cacao And Vanilla' candle, and what is its physical wax color?                      Answer:                     It is produced by the brand COCO by Store and its wax color is Brown.
470	FAQ_Candle_product.json		Product_Catalog	Question:                     Which specific raw materials are cited as classic examples of 'Oriental notes' within the base layer framework?                      Answer:                     The classic examples cited are amber, musk, and patchouli.
471	FAQ_Candle_product.json		Product_Catalog	Question:                     Where does the combination of 'Zesty mandarin' and 'Tart sparkling citrus' sit within the olfactory structure of 'Milk Vanilla'?                      Answer:                     This combination resides entirely within the opening Top Notes layer, delivering an immediate high-energy burst upon ignition.
472	FAQ_Candle_product.json		Product_Catalog	Question:                     List the four ideal domestic residential placements suggested for maximizing the cozy aesthetic of 'Warn Cider And Cinnamon'.                      Answer:                     Dining rooms during family dinners, living room mantels, welcoming entryways/foyers, and cozy kitchens on rainy or snowy days.
473	FAQ_Candle_product.json		Product_Catalog	Question:                     What is the net weight of 'Shower Playlist' and what are its physical container details?                      Answer:                     It weighs 13.5 oz and is housed in an iridescent, smooth oceanic blue opaque glass jar with crisp white typography.
474	FAQ_Candle_product.json		Product_Catalog	Question:                     For customers located in outlying provinces, what advanced ordering timeline is advised for holiday gift purchases?                      Answer:                     Out-of-province customers are strongly advised to place orders 1 to 3 days earlier than usual to circumvent holiday logistics congestion.
475	FAQ_Candle_product.json		Product_Catalog	Question:                     Summarize the primary consumer consensus regarding the sensory profile of 'Coconut And Sea Salt'.                      Answer:                     Consumers perceive it as a fresh, clean, relaxing, and airy beach-like fragrance that feels light and vacation-inspired without being overly sweet.
476	FAQ_Candle_product.json		Product_Catalog	Question:                     By what primary methods can a registered user access, review, or modify their stored personal account details on nenthom.com.vn?                      Answer:                     Users can log directly into their personal account dashboard on the website or contact the store via the published customer service email address.
477	FAQ_Candle_product.json		Product_Catalog	Question:                     Why is 'Milk Vanilla' highly recommended for placement in high-pressure creative workspaces?                      Answer:                     The explosive, tropical core of mango and effervescent prosecco releases a vibrant, high-energy scent throw that acts as a powerful daytime pick-me-up to boost workplace inspiration.
478	FAQ_Candle_product.json		Product_Catalog	Question:                     Which two distinct luxury timbers are explicitly listed under the 'Woody notes' category in the fragrance layers document?                      Answer:                     Sandalwood and cedarwood.
479	FAQ_Candle_product.json		Product_Catalog	Question:                     What is the definitive commercial pledge made by nenthom.com.vn regarding customer databases?                      Answer:                     The platform strictly pledges never to exchange, lease, or sell customer personal data to third parties for commercial gain.
480	FAQ_Candle_product.json		Product_Catalog	Question:                     What visual illusion does the 'Sunset Disco' container perform when the candle flame is active?                      Answer:                     The iridescent orange coating causes the glass to appear fiery, with shifting colors that perfectly mimic a real summer sunset inside the room.
481	FAQ_Candle_product.json		Product_Catalog	Question:                     What specific role does the 'Green juice' note play in the '3 Day WKND' configuration, and in which layer is it located?                      Answer:                     It is located in the Middle Notes (heart layer) and functions to elevate the clean, crisp, rustic green character of lily of the valley and water lily.
482	FAQ_Candle_product.json		Product_Catalog	Question:                     Detail the biological changes that take place when a human inhales a favored, pleasant candle scent.                      Answer:                     Inhaling a preferred aroma causes deeper and easier breathing, lowers systemic blood pressure, and reduces the heart rate to a relaxed pace, promoting physical and mental health.
483	FAQ_Candle_product.json		Product_Catalog	Question:                     Where should a user burn 'Shower Playlist' to get the maximum benefit out of its deodorizing properties?                      Answer:                     In bathrooms during hot showers/baths, home spas, bedrooms for morning awakening, or laundry rooms to maximize overall freshness.
484	FAQ_Candle_product.json		Product_Catalog	Question:                     Describe the physical color of the saps and the closing mechanism of the 'Sandalwood And Rose' candle.                      Answer:                     It features a vibrant crimson red wax and utilizes a clean white screw cap as its closing mechanism.
485	FAQ_Candle_product.json		Product_Catalog	Question:                     How do premium wax blends infused with natural essential oils physically neutralize bad room odors?                      Answer:                     When burned, the heat melts the saps and releases highly concentrated natural essential oil molecules that disperse through the air, effectively masking, breaking down, and neutralizing damp or unpleasant environmental odors.
486	FAQ_Candle_product.json		Product_Catalog	Question:                     Which elements form the immediate top layer sensory experience of the '3 Day WKND' candle?                      Answer:                     The immediate opening top notes are Green Apple and Cucumber.
487	FAQ_Candle_product.json		Product_Catalog	Question:                     What legal condition overrides nenthom.com.vn's primary customer data nondisclosure agreement?                      Answer:                     The nondisclosure agreement is legally overridden when a formal, lawful order is issued by an authorized government or law enforcement agency under the laws of Vietnam.
488	FAQ_Candle_product.json		Product_Catalog	Question:                     What specific combination of four mood states defines the emotional blueprint of 'Smells Like Cacao And Vanilla'?                      Answer:                     Cozy, warm, comforting, and indulgent.
489	FAQ_Candle_product.json		Product_Catalog	Question:                     With what two powerful botanical inhalations does the 'Shower Playlist' candle open?                      Answer:                     It opens with a bold, clearing inhale of Refreshing Eucalyptus and Zesty Bergamot.
490	FAQ_Candle_product.json		Product_Catalog	Question:                     What specific notes fuse together to form the distinct 'sugary finish' base of the 'Day Party' candle?                      Answer:                     The base notes settle into a blend of Flowers and Sugar.
491	FAQ_Candle_product.json		Product_Catalog	Question:                     From what explicit sources did the creator of the 'Safe Usage Guidance' document gather their safety tips?                      Answer:                     The tips were gathered from safety information found on the internet combined with the author's own personal experience.
492	FAQ_Candle_product.json		Product_Catalog	Question:                     What unique environmental atmosphere does the middle core of 'Coconut And Sea Salt' construct?                      Answer:                     It constructs an airy, coastal ocean breeze atmosphere by blending creamy coconut notes with crisp sea salt accords.
493	FAQ_Candle_product.json		Product_Catalog	Question:                     Identify the parent company/brand of 'Sandalwood And Rose' and describe the exact geometry of its glass container.                      Answer:                     It is produced by Western Brook and is housed in a tall, slender clear glass cylinder jar.
494	FAQ_Candle_product.json		Product_Catalog	Question:                     Why is the label art of 'Warn Cider And Cinnamon' highly praised by traditional seasonal decorators?                      Answer:                     Because it features a classic plaid/tartan pattern that perfectly matches the cozy, nostalgic design themes of harvest season, Thanksgiving, and winter holidays.
495	FAQ_Candle_product.json		Product_Catalog	Question:                     At what stage of the burn cycle does the 'Exotic Teakwood' scent manifest in 'Sunset Disco'?                      Answer:                     It manifests during the second stage, residing squarely within the candle's core Middle Notes layer.
496	FAQ_Candle_product.json		Product_Catalog	Question:                     Calculate the exact mathematical difference in net weight between a 'Milk Vanilla' candle and a 'Sunset Disco' candle.                      Answer:                     'Milk Vanilla' weighs 16 oz and 'Sunset Disco' weighs 8 oz, making 'Milk Vanilla' exactly 8 oz heavier (double the weight).
497	FAQ_Candle_product.json		Product_Catalog	Question:                     Beyond the release of fragrance oils, what psychological effect does an active candle flame exert in a quiet space?                      Answer:                     The soft, rhythmic flickering of candlelight in a silent room imparts a deeply comfortable, warm, and profoundly peaceful psychological feeling.
498	FAQ_Candle_product.json		Product_Catalog	Question:                     What specific social experience is the 'Sparkling Prosecco' note in 'Milk Vanilla' meant to evoke?                      Answer:                     It is designed to evoke the effervescent, lively, and joyful feeling of a sunny, bottomless weekend outdoor brunch.
499	FAQ_Candle_product.json		Product_Catalog	Question:                     What alternative geographical marketing name is explicitly tied to the 'Coconut And Sea Salt' item?                      Answer:                     It is alternatively titled the 'Seychelles Candle' within its search keywords.
500	FAQ_Candle_product.json		Product_Catalog	Question:                     What type of environments or emotional scenarios are simulated by the 'Warn Cider And Cinnamon' spicy blend?                      Answer:                     It simulates a rustic kitchen during holiday baking, a hot mug of mulled cider, or a festive autumn marketplace.
501	FAQ_Candle_product.json		Product_Catalog	Question:                     What is the structural material composition of the '3 Day WKND' item?                      Answer:                     It is composed of a premium Soy Wax Blend infused with essential oils.
502	FAQ_Candle_product.json		Product_Catalog	Question:                     Why did Friday Collective select an intense neon yellow color palette for the 'Milk Vanilla' packaging?                      Answer:                     The bold neon yellow opaque glass jar was chosen to visually reflect the loud, bright, high-energy, and explosive tropical fruit fragrance profile contained within.
503	FAQ_Candle_product.json		Product_Catalog	Question:                     What is the lifespan of a candle's top note layer before it completely dissipates into the room?                      Answer:                     The top notes evaporate quickly, lasting only about 10 minutes after the candle wick is lit.
504	FAQ_Candle_product.json		Product_Catalog	Question:                     What specialized fire safety lighting instruments are explicitly recommended in the safety brief to prevent physical hand burns?                      Answer:                     A long-handled lighter or long matches.
505	FAQ_Candle_product.json		Product_Catalog	Question:                     What exact aromatic value does the 'Spiced Clove' ingredient bring to the 'Warn Cider And Cinnamon' heart profile?                      Answer:                     It delivers a rich, pungent, and aromatic depth that anchors the center of the Warm & Spicy / Gourmand fragrance family.
506	FAQ_Candle_product.json		Product_Catalog	Question:                     Which specific scent elements combine in the base layer of 'Shower Playlist' to soothe a stressed mind?                      Answer:                     Fresh laundry musk and clean cotton form the comforting, fluffy base layer.
507	FAQ_Candle_product.json		Product_Catalog	Question:                     What characteristics prove that PotterWick's 'Coconut And Sea Salt' candle prioritizes sustainable manufacturing?                      Answer:                     It utilizes natural soy blend wax, an eco-friendly cotton bọc wick, and a reusable ceramic jar container fitted with a wooden lid.
508	FAQ_Candle_product.json		Product_Catalog	Question:                     What personality type is identified as the ideal target recipient for gifting a 'Day Party' candle?                      Answer:                     It is best suited for individuals possessing bright, highly energetic, and cheerful personalities.
509	FAQ_Candle_product.json		Product_Catalog	Question:                     List the full suite of Vietnamese SEO keywords designated for optimizing the online listing of 'Sunset Disco'.                      Answer:                     nến thơm hoàng hôn, nến thơm cao cấp, hương cam hổ phách, nến thơm Friday Collective, nến thơm phòng khách, hương thơm ấm áp, nến thơm tinh dầu, decor phòng ngủ, nến thơm màu cam, hương mùa hè rực rỡ.
510	FAQ_Candle_product.json		Product_Catalog	Question:                     How does nenthom.com.vn handle local Hanoi delivery orders if a sudden inventory deficit occurs?                      Answer:                     The customer service team will immediately initiate a telephone call to directly inform the customer and arrange an alternative resolution or pre-order status.
511	FAQ_Candle_product.json		Product_Catalog	Question:                     Which specific third-party digital mobile wallets are integrated as formal checkout gateways on nenthom.com.vn?                      Answer:                     MoMo and Zalo Pay.
512	FAQ_Candle_product.json		Product_Catalog	Question:                     What specific olfactory effect does the inclusion of 'Velvety Musk' produce in the 'Sandalwood And Rose' base layer?                      Answer:                     It builds a dense, velvety foundation that grounds the floral and woody layers, wrapping the room in an enduring sense of quiet reverence.
513	FAQ_Candle_product.json		Product_Catalog	Question:                     How many individual product lines from Friday Collective are documented in the current text repository?                      Answer:                     There are exactly 5 products documented: '3 Day WKND', 'Shower Playlist', 'Day Party', 'Sunset Disco', and 'Milk Vanilla'.
514	FAQ_Candle_product.json		Product_Catalog	Question:                     How does the 'Warm Vanilla' core note modify the sharp opening of the 'Sunset Disco' candle?                      Answer:                     It shifts the radiant burst of citrus into a smooth, groovy blend, softening the citrus edge to establish an intoxicating tropical evening cocktail vibe.
515	FAQ_Candle_product.json		Product_Catalog	Question:                     Why is the triple-wick '3 Day WKND' candle structurally superior for massive open-plan living rooms?                      Answer:                     The 3-wick layout ensures rapid, uniform pooling of melted saps across a wider diameter, producing a powerful scent throw capable of filling large rooms without becoming overwhelming.
516	FAQ_Candle_product.json		Product_Catalog	Question:                     What font design color is paired with the iridescent blue background of the 'Shower Playlist' jar?                      Answer:                     Crisp white typography.
517	FAQ_Candle_product.json		Product_Catalog	Question:                     What is the maximum limit of the estimated burn time range for the 'Coconut And Sea Salt' ceramic hũ?                      Answer:                     The maximum burn time limit reaches up to 70 hours.
518	FAQ_Candle_product.json		Product_Catalog	Question:                     Which specific pair of seasons is designated as the ideal calendar match for burning 'Day Party'?                      Answer:                     Summer and Spring.
519	FAQ_Candle_product.json		Product_Catalog	Question:                     What is the ultimate, overarching objective of strict adherence to candle care and candle placement instructions?                      Answer:                     The objective is to allow users to fully enjoy the gorgeous aesthetics and beautiful fragrances of candles while completely eliminating any hỏa hoạn risks or accident hazards.
520	FAQ_Lumos_product.json		Product_Catalog	Question:                     What is the primary technical reason behind packaging the Lumos menthol Essential Oil in a dark amber glass bottle?                      Answer:                     The technical reason for using a dark amber glass bottle is to provide optimal UV ray protection, which preserves the chemical integrity and potency of the 100% pure essential oil against light degradation.
521	FAQ_Lumos_product.json		Product_Catalog	Question:                     How do the sheer green elements in Lumos Tropical Orchard influence the overall customer perception of its sweet fruit notes?                      Answer:                     The inclusion of sheer green elements subtly balances the luscious heart of ripe mango and sweet fresh guava, preventing the heavy fruit notes from turning overly syrupy or cloying to ensure a clean, crisp, and continuous scent throw.
522	FAQ_Lumos_product.json		Product_Catalog	Question:                     Which specific notes are utilized in Lumos Rose Boutique to modernize and lighten the romantic rose core, preventing it from smelling old-fashioned?                      Answer:                     The romantic rose note is modernized and lightened by the inclusion of lively, bubbly top notes of sparkling rosé wine and sweet wild strawberries.
523	FAQ_Lumos_product.json		Product_Catalog	Question:                     What structural and aesthetic function does the glossy black bottle of Lumos Midnight sandalwood serve according to customer perception?                      Answer:                     Aesthetically, it acts as an elegant decorative statement piece that complements minimal, modern, or dark-themed interior aesthetics, while structurally providing a premium container for continuous luxury scenting.
524	FAQ_Lumos_product.json		Product_Catalog	Question:                     What specific spa-like and welcoming ambiance does the scent profile of Lumos And Cucumber mimic for indoor spaces?                      Answer:                     It mimics the fresh, welcoming ambiance of a luxury spa or a boutique hotel lobby by transitioning from invigorating eucalyptus and mint into a clean heart of white tea and jasmine, anchored by sheer woods.
525	FAQ_Lumos_product.json		Product_Catalog	Question:                     In the Lumos Cajeput collection, which specific essential oils are explicitly designated for warm, medicinal respiratory support when body fatigue sets in?                      Answer:                     The Xông Cảm (Cold Relief) and Tràm Gió (Cajeput) essential oils are designated for this purpose, featuring warm, rich, and medicinal notes characteristic of traditional steaming leaves.
526	FAQ_Lumos_product.json		Product_Catalog	Question:                     What traditional Vietnamese practice does the scent profile of Lumos cold essential oil replicate to provide comfort for respiratory discomfort?                      Answer:                     It replicates the exact aroma of a fresh pot of traditional boiling herbs used for medicinal steaming in Vietnamese households, combining mint, lemongrass, ginger, rosemary, and grapefruit peel.
527	FAQ_Lumos_product.json		Product_Catalog	Question:                     How does the base layer of Lumos Honeydrew And Coconut ensure that the sweet, watery top note of honeydew melon finishes with an enduring warmth?                      Answer:                     The watery sweetness of the melon rests comfortably on a warm, comforting base of sweet vanilla and soft musk, which grounds the fruitiness and creates a smooth, enduring finish.
528	FAQ_Lumos_product.json		Product_Catalog	Question:                     Despite what its name 'Lumos Juicy Peach' might suggest to an uninformed buyer, what is the actual fragrance family and dominant floral core of this reed diffuser?                      Answer:                     The actual fragrance family is Floral / Soft Rosy, and its dominant floral core consists of premium Bulgarian rose and blooming pink peonies, rather than a heavy peach fruit extract.
529	FAQ_Lumos_product.json		Product_Catalog	Question:                     What specific domestic households or environments are highly encouraged to use the Lumos Lemongrass essential oil for practical, non-aesthetic benefits?                      Answer:                     Environments dealing with high-mosquito periods, rainy seasons, or strong indoor odors (such as cooking or pet smells) are highly encouraged to use it as a natural insect repellent and air purifier.
530	FAQ_Lumos_product.json		Product_Catalog	Question:                     What makes the scent profile of Lumos menthol particularly appropriate for a professional office or study environment during the morning hours?                      Answer:                     It delivers an immediate, powerful blast of cooling menthol that instantly opens up the senses, acts as an instant mental wake-up call, boosts alertness, and wipes out stuffy or stale room odors.
531	FAQ_Lumos_product.json		Product_Catalog	Question:                     What structural container difference exists between the packaging of Lumos Tropical Orchard and Lumos Midnight sandalwood?                      Answer:                     Lumos Tropical Orchard is housed in a heavy clear glass square bottle, whereas Lumos Midnight sandalwood is housed in a glossy, opaque black glass/ceramic bottle with a natural wooden stopper.
532	FAQ_Lumos_product.json		Product_Catalog	Question:                     Which base notes provide the sophisticated, smooth anchoring layer for the romantic top notes in Lumos Rose Boutique?                      Answer:                     The scent is beautifully anchored by a smooth, velvety base of clean white musk and soft warm amber.
533	FAQ_Lumos_product.json		Product_Catalog	Question:                     To which specific premium product collection does Lumos Midnight sandalwood belong, and what are its signature characteristics?                      Answer:                     It belongs to Lumos's premium black collection, which traditionally highlights deep, mysterious, woody-floral notes and features a striking glossy black aesthetic.
534	FAQ_Lumos_product.json		Product_Catalog	Question:                     What unique combination of fresh, herbal, and floral notes defines the basic composition of the Lumos And Cucumber reed diffuser?                      Answer:                     It opens with herbal eucalyptus and mint, transitions into a floral and clean heart of white tea and jasmine, and settles into a light base of sheer cedarwood.
535	FAQ_Lumos_product.json		Product_Catalog	Question:                     For what specific physical application is the individual Tràm Gió oil within the Lumos Cajeput collection uniquely suited compared to room diffusion?                      Answer:                     The Tràm Gió (Cajeput) oil is uniquely suited for diluted body massage, in addition to standard aromatherapy methods.
536	FAQ_Lumos_product.json		Product_Catalog	Question:                     How does the middle or 'heart' layer of Lumos cold evolve the initial sharp burst of mint and lemongrass into a warming sensation?                      Answer:                     The fragrance deepens into a warm, grounding heart of spicy ginger and fresh rosemary, which adds a comforting, traditional therapeutic warmth to the scent profile.
537	FAQ_Lumos_product.json		Product_Catalog	Question:                     What specific aesthetic design elements of the Lumos Juicy Peach bottle make it highly favored for personal vanity table decor?                      Answer:                     It features a soft pastel pink glass/ceramic bottle paired elegantly with a cream-colored decorative ribbon bow.
538	FAQ_Lumos_product.json		Product_Catalog	Question:                     What are the core technical specifications regarding the volume capacity and product origin of the Lumos Lemongrass oil?                      Answer:                     It has a weight/volume of 50ml per bottle, is formulated as 100% Pure Essential Oil from natural plant extracts, and is proudly Made in Vietnam.
539	FAQ_Lumos_product.json		Product_Catalog	Question:                     Why is Lumos menthol classified under the 'Fresh / Minty / Herbal' family instead of a simple sweet mint category?                      Answer:                     Because it balances an intensely crisp, sharp, single-note botanical profile of pure menthol with a clean, piercing green herbaceous body and a lingering, sweet balsamic crispness.
540	FAQ_Lumos_product.json		Product_Catalog	Question:                     In what specific areas of a home is the Lumos Tropical Orchard reed diffuser best utilized to mask unwanted environmental odors without open flames?                      Answer:                     It is best utilized in bright kitchens to mask strong cooking odors, as well as in sunlit living rooms, guest restrooms, and apartment foyers.
541	FAQ_Lumos_product.json		Product_Catalog	Question:                     What celebratory social events or gifting occasions is the Lumos Rose Boutique specifically marketed for?                      Answer:                     It is highly suited for bridal showers, elegant dining setups, high-end champagne brunches, and as a premium gift for housewarmings or anniversaries.
542	FAQ_Lumos_product.json		Product_Catalog	Question:                     Describe the complete chronological scent transition of Lumos Midnight sandalwood from the moment it is uncorked.                      Answer:                     It opens with dramatic top notes of blooming midnight roses and warm spices, shifts into a sophisticated heart of rare oud wood and earthy patchouli, and settles into a dense base of warm sandalwood and dark velvet musk.
543	FAQ_Lumos_product.json		Product_Catalog	Question:                     Why is Lumos And Cucumber considered an excellent alternative for office desks or locations where candles are banned?                      Answer:                     Because it operates as a continuous, hassle-free reed diffuser that distributes a constant, subtle, and non-overwhelming fragrance completely without heat or open flames.
544	FAQ_Lumos_product.json		Product_Catalog	Question:                     Which specific demographic or target group within a household is the Lumos Cajeput collection trusted to protect and support?                      Answer:                     It is widely trusted by families to support the respiratory health of elderly members or young children, while naturally repelling insects.
545	FAQ_Lumos_product.json		Product_Catalog	Question:                     What specific citrus oil is integrated into Lumos cold to add a bright, clean, medicinal undertone to the spicy ginger base?                      Answer:                     Grapefruit peel is integrated into the blend to provide that bright, clean, medicinal citrus undertone.
546	FAQ_Lumos_product.json		Product_Catalog	Question:                     What specific gourmand note is blended with coconut milk in Lumos Honeydrew And Coconut to create an upscale tropical resort vibe?                      Answer:                     Sweet vanilla is blended with the coconut milk and soft musk to establish its rich, comforting, and upscale tropical resort character.
547	FAQ_Lumos_product.json		Product_Catalog	Question:                     What important safety or physiological benefit does customer perception highlight regarding the floral composition of Lumos Juicy Peach?                      Answer:                     Customers highly praise it for capturing the true, non-synthetic essence of fresh flowers without being cloying or triggering headaches.
548	FAQ_Lumos_product.json		Product_Catalog	Question:                     Apart from room diffusing, what other household maintenance or cleaning activities can incorporate Lumos Lemongrass?                      Answer:                     It can be incorporated into floor-cleaning water mixtures and natural bug-repellent spray formulations.
549	FAQ_Lumos_product.json		Product_Catalog	Question:                     What specific physical symptoms can be eased or mitigated by inhaling the diffused mist of Lumos menthol?                      Answer:                     It is highly valued for its ability to ease head tension, clear nasal congestion, and revive the body from mental fatigue.
550	FAQ_Lumos_product.json		Product_Catalog	Question:                     What specific container material and shape define the physical identity of the Lumos Tropical Orchard diffuser?                      Answer:                     It is housed in a heavy clear glass square bottle designed to accommodate fiber or rattan diffuser sticks.
551	FAQ_Lumos_product.json		Product_Catalog	Question:                     What type of liquid color distinction can a user visually perceive when comparing Lumos Tropical Orchard with Lumos Rose Boutique?                      Answer:                     Lumos Tropical Orchard features a warm golden-yellow liquid, whereas Lumos Rose Boutique contains a deep amber / rose gold liquid.
552	FAQ_Lumos_product.json		Product_Catalog	Question:                     What specific grounding woody element forms the ultimate resting base of the Lumos Midnight sandalwood diffuser?                      Answer:                     Warm sandalwood, combined with dark velvet musk, forms the dense, smooth, grounding base of this fragrance.
553	FAQ_Lumos_product.json		Product_Catalog	Question:                     What decorative accent piece is physically tied to the neck of the Lumos And Cucumber ceramic bottle to enhance its minimalist home decor value?                      Answer:                     A black decorative ribbon bow is tied around the neck of the glossy white ceramic/glass bottle.
554	FAQ_Lumos_product.json		Product_Catalog	Question:                     What dual-purpose botanical benefits do the Sả Chanh (Lemongrass) and Bạc Hà (Peppermint) oils within the Lumos Cajeput collection provide?                      Answer:                     They deliver crisp, invigorating herbal notes that simultaneously purify indoor air, awaken the sensory systems, and naturally repel mosquitoes and insects.
555	FAQ_Lumos_product.json		Product_Catalog	Question:                     During which specific seasonal transitions or weather conditions is the therapeutic use of Lumos cold highly recommended?                      Answer:                     It is highly recommended during autumn and winter, particularly during wet seasons, cold weather, or volatile seasonal transitions.
556	FAQ_Lumos_product.json		Product_Catalog	Question:                     What is the net volume capacity of the Lumos Honeydrew And Coconut reed diffuser, and what cap design does it possess?                      Answer:                     It has a weight/volume of 100ml and features a heavy clear glass square bottle capped with a shiny metallic silver cap.
557	FAQ_Lumos_product.json		Product_Catalog	Question:                     Which two primary flowers dominate the middle and top notes of the Lumos Juicy Peach fragrance profile?                      Answer:                     Premium Bulgarian rose and blooming pink peonies dominate its sophisticated floral profile.
558	FAQ_Lumos_product.json		Product_Catalog	Question:                     How does the Lumos Lemongrass essential oil physically alter the perceived 'climate' or atmosphere of a heavy, stuffy room?                      Answer:                     It cuts through indoor air with a powerful burst of crisp, tart citrus and earthy green notes, completely clarifying heavy or stuffy air and neutralizing strong lingering odors.
559	FAQ_Lumos_product.json		Product_Catalog	Question:                     What specific olfactory note creates the 'lingering, sweet balsamic crispness' in the finish of Lumos menthol?                      Answer:                     The high-quality single-note botanical profile of pure, crisp peppermint and menthol leaves a natural, lingering sweet balsamic crispness in the air.
560	FAQ_Lumos_product.json		Product_Catalog	Question:                     What structural elements are included in the packaging box of Lumos Tropical Orchard to facilitate the continuous scent throw?                      Answer:                     The package includes specialized fiber or rattan diffuser sticks designed to be placed inside the heavy clear glass bottle to draw up and disperse the liquid fragrance.
561	FAQ_Lumos_product.json		Product_Catalog	Question:                     Is Lumos Rose Boutique classified as a pure floral scent, or does it cross over into other fragrance families?                      Answer:                     It crosses over into multiple families, explicitly categorized under the Floral / Fruity / Beverage Wine fragrance family.
562	FAQ_Lumos_product.json		Product_Catalog	Question:                     What specific dark-themed or modern interior layouts are perfectly accentuated by the aesthetic of Lumos Midnight sandalwood?                      Answer:                     It perfectly accentuates modern, minimal, or dark-themed interior aesthetics, operating effectively in executive home offices, personal libraries, and modern corridors.
563	FAQ_Lumos_product.json		Product_Catalog	Question:                     What specific herbal note opens the Lumos And Cucumber diffuser to deliver its signature crisp, clarifying top layer?                      Answer:                     Invigorating herbal notes of eucalyptus and mint open the fragrance profile.
564	FAQ_Lumos_product.json		Product_Catalog	Question:                     What type of label is affixed to the Lumos Cajeput essential oil bottle, and what brand ethos does it communicate?                      Answer:                     It features a rustic kraft paper label, which communicates a natural, authentic, eco-friendly, and true-to-nature brand ethos for Natural Lumos.
565	FAQ_Lumos_product.json		Product_Catalog	Question:                     What distinct spicy note is combined with rosemary in Lumos cold to deliver an deep, physically warming remedy for body fatigue?                      Answer:                     Spicy ginger is combined with fresh rosemary to provide the deep, grounding, and warming heart of the therapeutic blend.
566	FAQ_Lumos_product.json		Product_Catalog	Question:                     What unique fruit pairing defines the vibrant tropical profile of Lumos Honeydrew And Coconut?                      Answer:                     The pairing of watery, ripe honeydew melon with rich, velvety coconut milk defines its tropical profile.
567	FAQ_Lumos_product.json		Product_Catalog	Question:                     What pastel-colored theme or room aesthetic is Lumos Juicy Peach explicitly marketed to complement and enhance?                      Answer:                     It is explicitly marketed to complement and enhance pastel-themed room aesthetics and elegant vanity table setups.
568	FAQ_Lumos_product.json		Product_Catalog	Question:                     What is the primary formulation difference between Lumos Lemongrass and Lumos Tropical Orchard?                      Answer:                     Lumos Lemongrass is a 100% Pure Essential Oil (natural plant extract) requiring external heat/diffusers, whereas Lumos Tropical Orchard is a passive Liquid Fragrance & Concentrated Essential Oil Blend made for reed sticks.
569	FAQ_Lumos_product.json		Product_Catalog	Question:                     Why is Lumos menthol highly recommended for a post-workout recovery or gym environment?                      Answer:                     Because its intensely crisp, sharp, and invigorating minty profile leaves the air feeling chilled, purified, and highly energized, which matches the cooling needs of focus-heavy or high-exertion spaces.
570	FAQ_Lumos_product.json		Product_Catalog	Question:                     What specific fruit notes constitute the zesty, immediate opening splash of Lumos Tropical Orchard?                      Answer:                     Vibrant passion fruit and zesty sweet citrus constitute the immediate top-note splash.
571	FAQ_Lumos_product.json		Product_Catalog	Question:                     What specific notes evoke the sensation of a high-end champagne brunch when using Lumos Rose Boutique?                      Answer:                     The effervescent combination of sparkling rosé wine and sweet wild strawberries mixed with fresh red roses evokes that luxury brunch sensation.
572	FAQ_Lumos_product.json		Product_Catalog	Question:                     What specific material forms the stopper mechanism of the Lumos Midnight sandalwood bottle?                      Answer:                     It utilizes a natural wooden stopper, accented further by a black decorative ribbon bow.
573	FAQ_Lumos_product.json		Product_Catalog	Question:                     How does the presence of white tea and jasmine alter the mid-phase experience of Lumos And Cucumber?                      Answer:                     They transition the initial herbal sharpness into a delicate, clean, and calming floral-tea heart that softens the environment into a serene spa vibe.
574	FAQ_Lumos_product.json		Product_Catalog	Question:                     What is the geographic manufacturing origin of the pure botanical extracts found in the Lumos Cajeput collection?                      Answer:                     The botanical extracts are derived from Vietnamese nature and proudly Made in Vietnam.
575	FAQ_Lumos_product.json		Product_Catalog	Question:                     What underlying mood does a user experience when diffusing Lumos cold in a room?                      Answer:                     The user experiences a therapeutic, healing, warm, grounding, and deeply comforting mood.
576	FAQ_Lumos_product.json		Product_Catalog	Question:                     What target consumers or flavor profiles is Lumos Honeydrew And Coconut designed for as an ideal gift choice?                      Answer:                     It is designed as an ideal gift choice for lovers of gourmand, sweet, or distinctly fruity fragrance profiles.
577	FAQ_Lumos_product.json		Product_Catalog	Question:                     What base notes are responsible for leaving the sophisticated, powdery trailing aroma in Lumos Juicy Peach?                      Answer:                     A smooth, warm base of creamy vanilla berry and soft amber leaves that sophisticated trailing aroma.
578	FAQ_Lumos_product.json		Product_Catalog	Question:                     How does Lumos Lemongrass achieve its spa-like air purification effects without utilizing synthetic deodorizers?                      Answer:                     It relies entirely on a 100% pure botanical single-note extraction that preserves the natural, deep, tart citrus zest and earthy green herbaceous profile of real lemongrass.
579	FAQ_Lumos_product.json		Product_Catalog	Question:                     During which hot weather seasons is the cooling effect of Lumos menthol considered most refreshing?                      Answer:                     It is considered most refreshing during the Summer and Spring seasons.
580	FAQ_Lumos_product.json		Product_Catalog	Question:                     What specific heart notes unfold after the citrus opening of Lumos Tropical Orchard has dissipated?                      Answer:                     A luscious heart of succulent ripe mangoes and sweet fresh guava unfolds.
581	FAQ_Lumos_product.json		Product_Catalog	Question:                     What specific note prevents the rich rose bouquet in Lumos Rose Boutique from smelling too heavy, dusty, or old-fashioned?                      Answer:                     The bubbly top notes of sparkling rosé wine combined with fresh wild strawberries lighten and modernize the rose bouquet.
582	FAQ_Lumos_product.json		Product_Catalog	Question:                     What dark and earthy plant extract is blended with rare oud wood in the heart of Lumos Midnight sandalwood?                      Answer:                     Earthy patchouli is carefully blended with the rare oud wood heart.
583	FAQ_Lumos_product.json		Product_Catalog	Question:                     What overarching design philosophy does the clean white bottle and black ribbon of Lumos And Cucumber reflect?                      Answer:                     It reflects a minimalist home decor philosophy, acting as a clean piece of modern art that matches contemporary living spaces.
584	FAQ_Lumos_product.json		Product_Catalog	Question:                     Can Lumos Cajeput essential oils be safely added directly into hot water systems for non-diffuser aromatherapy?                      Answer:                     Yes, they are explicitly designed for bath water infusion, morning shower steam routines, facial steaming, and traditional herbal steaming.
585	FAQ_Lumos_product.json		Product_Catalog	Question:                     What major respiratory symptoms does the traditional formulation of Lumos cold actively seek to relieve?                      Answer:                     It actively seeks to relieve nasal congestion, bronchial stuffiness, and symptoms associated with colds, flu, and seasonal transitions.
586	FAQ_Lumos_product.json		Product_Catalog	Question:                     Is the fluid inside Lumos Honeydrew And Coconut clear or colored, and what bottle structure holds it?                      Answer:                     The fluid is a light gold/yellow liquid, housed in a heavy clear glass square bottle.
587	FAQ_Lumos_product.json		Product_Catalog	Question:                     What specific word does customer perception use to describe the floral essence of Lumos Juicy Peach, emphasizing its premium quality?                      Answer:                     Customers describe it as capturing the 'true, non-synthetic' essence of a fresh bouquet, calling it incredibly gentle and high-end.
588	FAQ_Lumos_product.json		Product_Catalog	Question:                     What specific target locations are recommended for the placement of Lumos Lemongrass to ensure maximum domestic sanitation?                      Answer:                     It is recommended for bathroom deodorizing, kitchen freshening, floor washing, and high-infestation zones needing bug repellency.
589	FAQ_Lumos_product.json		Product_Catalog	Question:                     What specific focus benefit does Lumos menthol offer to individuals operating in focus-heavy workspaces?                      Answer:                     It provides an instant mental wake-up call, boosts daytime productivity, sharpens analytical awareness, and eliminates environmental sluggishness.
590	FAQ_Lumos_product.json		Product_Catalog	Question:                     What specific outdoor imagery do customers associate with the continuous scent throw of Lumos Tropical Orchard?                      Answer:                     They associate it with a fresh, ice-cold tropical fruit punch or an outdoor orchard market in the peak of summer.
591	FAQ_Lumos_product.json		Product_Catalog	Question:                     What premium musk note forms the velvety anchoring base of Lumos Rose Boutique?                      Answer:                     Clean white musk forms the velvety anchoring base.
592	FAQ_Lumos_product.json		Product_Catalog	Question:                     What specific gender appeal does customer perception associate with the bold aroma of Lumos Midnight sandalwood?                      Answer:                     It is highly perceived as a bold, masculine or sophisticated unisex home fragrance.
593	FAQ_Lumos_product.json		Product_Catalog	Question:                     What specific botanical asset grounds the delicate heart of jasmine and white tea in the Lumos And Cucumber reed diffuser?                      Answer:                     A light, grounding base of sheer woods (specifically cedarwood) grounds the delicate floral heart.
594	FAQ_Lumos_product.json		Product_Catalog	Question:                     Which product under the Natural Lumos essential oil lineup is explicitly labeled as a 'Cold/Flu Relief Blend' in Vietnamese?                      Answer:                     The 'Xông Cảm' blend within the collection is explicitly designated for cold and flu therapeutic relief.
595	FAQ_Lumos_product.json		Product_Catalog	Question:                     What citrus peel ingredient acts as the bright, clean, medicinal top note balance in Lumos cold?                      Answer:                     Grapefruit peel acts as the clean citrus balance.
596	FAQ_Lumos_product.json		Product_Catalog	Question:                     What specific background vibe does Lumos Honeydrew And Coconut maintain in apartment entryways over time?                      Answer:                     It maintains a bright, cheerful, smooth, and consistent summery tropical background scent throw without overpowering the entryway.
597	FAQ_Lumos_product.json		Product_Catalog	Question:                     What is the typical fluid volume capacity range for Lumos premium colored reed diffusers like Lumos Juicy Peach?                      Answer:                     The volume capacity typically ranges between 100ml and 150ml.
598	FAQ_Lumos_product.json		Product_Catalog	Question:                     What specific environmental condition makes Lumos Lemongrass an essential purchase during specific months in Vietnam?                      Answer:                     The wet, humid conditions of the rainy season, which lead to high-mosquito and insect infestation periods.
599	FAQ_Lumos_product.json		Product_Catalog	Question:                     What defines the overall mood profile induced by Lumos menthol according to its technical sheet?                      Answer:                     The mood profile is defined as energizing, cooling, refreshing, clarifying, sharp, and invigorating.
600	FAQ_Lumos_product.json		Product_Catalog	Question:                     How does Lumos Tropical Orchard prevent its intense fruity core from becoming an overly heavy, syrupy headache hazard?                      Answer:                     By balancing the core with a light base of dew-covered green leaves that keeps the overall sweetness grounded, clean, and crisp.
601	FAQ_Lumos_product.json		Product_Catalog	Question:                     What specific color profile does the liquid fragrance of Lumos Rose Boutique exhibit through its clear glass bottle?                      Answer:                     It exhibits a beautiful deep amber / rose gold liquid color.
602	FAQ_Lumos_product.json		Product_Catalog	Question:                     What prestigious hospitality environment do customers frequently compare the smell of Lumos Midnight sandalwood to?                      Answer:                     They frequently compare it to the smell of an expensive boutique hotel lounge or high-end niche perfume boutique.
603	FAQ_Lumos_product.json		Product_Catalog	Question:                     Is Lumos And Cucumber powered by an electronic plug-in, or does it utilize passive evaporation?                      Answer:                     It utilizes passive evaporation through continuous absorbent fiber or rattan diffuser sticks placed in a liquid fragrance oil reservoir.
604	FAQ_Lumos_product.json		Product_Catalog	Question:                     What traditional wellness environments do customers compare the Lumos Cajeput collection to when diffused?                      Answer:                     It evokes the authentic, comforting environment of a professional spa or a traditional holistic wellness center.
605	FAQ_Lumos_product.json		Product_Catalog	Question:                     What spicy rhizome extract provides the core internal warming sensation in the Lumos cold formulation?                      Answer:                     Spicy ginger extract provides the core warming sensation.
606	FAQ_Lumos_product.json		Product_Catalog	Question:                     What comforting floral notes are layered beneath the coconut milk heart of Lumos Honeydrew And Coconut?                      Answer:                     A delicate layer of sheer tropical blossoms and sheer florals are layered beneath the milk heart.
607	FAQ_Lumos_product.json		Product_Catalog	Question:                     What specific decorative accent is tied into a bow on the pastel pink bottle of Lumos Juicy Peach?                      Answer:                     A cream-colored decorative ribbon bow is tied around its neck.
608	FAQ_Lumos_product.json		Product_Catalog	Question:                     What specific single-note botanical family does Lumos Lemongrass explicitly belong to?                      Answer:                     It belongs to the Citrus / Herbal / Fresh fragrance family.
609	FAQ_Lumos_product.json		Product_Catalog	Question:                     What structural container pairing creates the rustic aesthetic of Lumos menthol?                      Answer:                     The structural pairing of a dark amber glass bottle with a rustic kraft paper label.
610	FAQ_Lumos_product.json		Product_Catalog	Question:                     Which room types are specifically recommended as suitable locations for hosting a Lumos Tropical Orchard reed diffuser?                      Answer:                     Bright kitchens, sunlit living rooms, guest restrooms, coastal summer homes, apartment foyers, and creative studio spaces.
611	FAQ_Lumos_product.json		Product_Catalog	Question:                     What specific berry top note gives Lumos Rose Boutique its initial sparkling sweetness?                      Answer:                     Sweet wild strawberries provide the initial fruit pop.
612	FAQ_Lumos_product.json		Product_Catalog	Question:                     What specific wood elements are structurally blended together in the base of Lumos Midnight sandalwood?                      Answer:                     Rare oud wood and warm sandalwood are structurally integrated with patchouli and velvet musk.
613	FAQ_Lumos_product.json		Product_Catalog	Question:                     What core emotional moods are targeted for cultivation by the deployment of Lumos And Cucumber?                      Answer:                     It targets the cultivation of a fresh, relaxing, clean, welcoming, elegant, and serene mood.
614	FAQ_Lumos_product.json		Product_Catalog	Question:                     Which specific domestic safety hazard is eliminated by choosing the Lumos Cajeput collection over traditional steaming pots?                      Answer:                     It eliminates the hazard of handling large pots of scalding, boiling water around children or the elderly by allowing the use of cold-mist electronic diffusers.
615	FAQ_Lumos_product.json		Product_Catalog	Question:                     What aromatic herb known for focus and clarity is combined with ginger in Lumos cold?                      Answer:                     Fresh rosemary is combined with the ginger core.
616	FAQ_Lumos_product.json		Product_Catalog	Question:                     Does Lumos Honeydrew And Coconut incorporate open flames or electronic heating components to throw its scent?                      Answer:                     No, it requires zero open flames or electronic heating, relying completely on passive capillary action via diffuser sticks.
617	FAQ_Lumos_product.json		Product_Catalog	Question:                     What premium rose variety is explicitly sourced for the top layer of Lumos Juicy Peach?                      Answer:                     Premium Bulgarian rose is explicitly sourced for the top layer.
618	FAQ_Lumos_product.json		Product_Catalog	Question:                     What is the primary overarching goal of using Lumos home fragrance products across different residential spaces?                      Answer:                     The objective is to allow users to fully enjoy the gorgeous aesthetics and beautiful fragrances of home scents while completely eliminating any odor issues or environmental stale feelings.
